"By province",2025.08,2025.08,2025.08,2025.08,2025.08,2025.08,2025.08,2025.08,2025.08,2025.09,2025.09,2025.09,2025.09,2025.09,2025.09,2025.09,2025.09,2025.09,2025.10,2025.10,2025.10,2025.10,2025.10,2025.10,2025.10,2025.10,2025.10,2025.11,2025.11,2025.11,2025.11,2025.11,2025.11,2025.11,2025.11,2025.11,2025.12,2025.12,2025.12,2025.12,2025.12,2025.12,2025.12,2025.12,2025.12,2026.01,2026.01,2026.01,2026.01,2026.01,2026.01,2026.01,2026.01,2026.01,2026.02,2026.02,2026.02,2026.02,2026.02,2026.02,2026.02,2026.02,2026.02,2026.03,2026.03,2026.03,2026.03,2026.03,2026.03,2026.03,2026.03,2026.03,2026.04,2026.04,2026.04,2026.04,2026.04,2026.04,2026.04,2026.04,2026.04,2026.05,2026.05,2026.05,2026.05,2026.05,2026.05,2026.05,2026.05,2026.05,2026.06,2026.06,2026.06,2026.06,2026.06,2026.06,2026.06,2026.06,2026.06,2026.07,2026.07,2026.07,2026.07,2026.07,2026.07,2026.07,2026.07,2026.07,2026.08,2026.08,2026.08,2026.08,2026.08,2026.08,2026.08,2026.08,2026.08,2000,2000,2000,2000,2000,2000,2000,2000,2000,2001,2001,2001,2001,2001,2001,2001,2001,2001,2002,2002,2002,2002,2002,2002,2002,2002,2002,2003,2003,2003,2003,2003,2003,2003,2003,2003,2004,2004,2004,2004,2004,2004,2004,2004,2004,2005,2005,2005,2005,2005,2005,2005,2005,2005,2006,2006,2006,2006,2006,2006,2006,2006,2006,2007,2007,2007,2007,2007,2007,2007,2007,2007,2008,2008,2008,2008,2008,2008,2008,2008,2008,2009,2009,2009,2009,2009,2009,2009,2009,2009,2010,2010,2010,2010,2010,2010,2010,2010,2010,2011,2011,2011,2011,2011,2011,2011,2011,2011,2012,2012,2012,2012,2012,2012,2012,2012,2012,2013,2013,2013,2013,2013,2013,2013,2013,2013,2014,2014,2014,2014,2014,2014,2014,2014,2014,2015,2015,2015,2015,2015,2015,2015,2015,2015,2016,2016,2016,2016,2016,2016,2016,2016,2016,2017,2017,2017,2017,2017,2017,2017,2017,2017,2018,2018,2018,2018,2018,2018,2018,2018,2018,2019,2019,2019,2019,2019,2019,2019,2019,2019,2020,2020,2020,2020,2020,2020,2020,2020,2020,2021,2021,2021,2021,2021,2021,2021,2021,2021,2022,2022,2022,2022,2022,2022,2022,2022,2022,2023,2023,2023,2023,2023,2023,2023,2023,2023,2024,2024,2024,2024,2024,2024,2024,2024,2024,2025,2025,2025,2025,2025,2025,2025,2025,2025
"By province",Population 15 years old and over (Thousand Person),Economically active population (Thousand Person),Employed persons (Thousand Person),Unemployed persons (Thousand Person),Economically inactive population (Thousand Person),Labor Force Participation rate (%),Unemployment rate (%),Employment to population ratio (%),Employment to population ratio(15-64) (%),Population 15 years old and over (Thousand Person),Economically active population (Thousand Person),Employed persons (Thousand Person),Unemployed persons (Thousand Person),Economically inactive population (Thousand Person),Labor Force Participation rate (%),Unemployment rate (%),Employment to population ratio (%),Employment to population ratio(15-64) (%),Population 15 years old and over (Thousand Person),Economically active population (Thousand Person),Employed persons (Thousand Person),Unemployed persons (Thousand Person),Economically inactive population (Thousand Person),Labor Force Participation rate (%),Unemployment rate (%),Employment to population ratio (%),Employment to population ratio(15-64) (%),Population 15 years old and over (Thousand Person),Economically active population (Thousand Person),Employed persons (Thousand Person),Unemployed persons (Thousand Person),Economically inactive population (Thousand Person),Labor Force Participation rate (%),Unemployment rate (%),Employment to population ratio (%),Employment to population ratio(15-64) (%),Population 15 years old and over (Thousand Person),Economically active population (Thousand Person),Employed persons (Thousand Person),Unemployed persons (Thousand Person),Economically inactive population (Thousand Person),Labor Force Participation rate (%),Unemployment rate (%),Employment to population ratio (%),Employment to population ratio(15-64) (%),Population 15 years old and over (Thousand Person),Economically active population (Thousand Person),Employed persons (Thousand Person),Unemployed persons (Thousand Person),Economically inactive population (Thousand Person),Labor Force Participation rate (%),Unemployment rate (%),Employment to population ratio (%),Employment to population ratio(15-64) (%),Population 15 years old and over (Thousand Person),Economically active population (Thousand Person),Employed persons (Thousand Person),Unemployed persons (Thousand Person),Economically inactive population (Thousand Person),Labor Force Participation rate (%),Unemployment rate (%),Employment to population ratio (%),Employment to population ratio(15-64) (%),Population 15 years old and over (Thousand Person),Economically active population (Thousand Person),Employed persons (Thousand Person),Unemployed persons (Thousand Person),Economically inactive population (Thousand Person),Labor Force Participation rate (%),Unemployment rate (%),Employment to population ratio (%),Employment to population ratio(15-64) (%),Population 15 years old and over (Thousand Person),Economically active population (Thousand Person),Employed persons (Thousand Person),Unemployed persons (Thousand Person),Economically inactive population (Thousand Person),Labor Force Participation rate (%),Unemployment rate (%),Employment to population ratio (%),Employment to population ratio(15-64) (%),Population 15 years old and over (Thousand Person),Economically active population (Thousand Person),Employed persons (Thousand Person),Unemployed persons (Thousand Person),Economically inactive population (Thousand Person),Labor Force Participation rate (%),Unemployment rate (%),Employment to population ratio (%),Employment to population ratio(15-64) (%),Population 15 years old and over (Thousand Person),Economically active population (Thousand Person),Employed persons (Thousand Person),Unemployed persons (Thousand Person),Economically inactive population (Thousand Person),Labor Force Participation rate (%),Unemployment rate (%),Employment to population ratio (%),Employment to population ratio(15-64) (%),Population 15 years old and over (Thousand Person),Economically active population (Thousand Person),Employed persons (Thousand Person),Unemployed persons (Thousand Person),Economically inactive population (Thousand Person),Labor Force Participation rate (%),Unemployment rate (%),Employment to population ratio (%),Employment to population ratio(15-64) (%),Population 15 years old and over (Thousand Person),Economically active population (Thousand Person),Employed persons (Thousand Person),Unemployed persons (Thousand Person),Economically inactive population (Thousand Person),Labor Force Participation rate (%),Unemployment rate (%),Employment to population ratio (%),Employment to population ratio(15-64) (%),Population 15 years old and over (Thousand Person),Economically active population (Thousand Person),Employed persons (Thousand Person),Unemployed persons (Thousand Person),Economically inactive population (Thousand Person),Labor Force Participation rate (%),Unemployment rate (%),Employment to population ratio (%),Employment to population ratio(15-64) (%),Population 15 years old and over (Thousand Person),Economically active population (Thousand Person),Employed persons (Thousand Person),Unemployed persons (Thousand Person),Economically inactive population (Thousand Person),Labor Force Participation rate (%),Unemployment rate (%),Employment to population ratio (%),Employment to population ratio(15-64) (%),Population 15 years old and over (Thousand Person),Economically active population (Thousand Person),Employed persons (Thousand Person),Unemployed persons (Thousand Person),Economically inactive population (Thousand Person),Labor Force Participation rate (%),Unemployment rate (%),Employment to population ratio (%),Employment to population ratio(15-64) (%),Population 15 years old and over (Thousand Person),Economically active population (Thousand Person),Employed persons (Thousand Person),Unemployed persons (Thousand Person),Economically inactive population (Thousand Person),Labor Force Participation rate (%),Unemployment rate (%),Employment to population ratio (%),Employment to population ratio(15-64) (%),Population 15 years old and over (Thousand Person),Economically active population (Thousand Person),Employed persons (Thousand Person),Unemployed persons (Thousand Person),Economically inactive population (Thousand Person),Labor Force Participation rate (%),Unemployment rate (%),Employment to population ratio (%),Employment to population ratio(15-64) (%),Population 15 years old and over (Thousand Person),Economically active population (Thousand Person),Employed persons (Thousand Person),Unemployed persons (Thousand Person),Economically inactive population (Thousand Person),Labor Force Participation rate (%),Unemployment rate (%),Employment to population ratio (%),Employment to population ratio(15-64) (%),Population 15 years old and over (Thousand Person),Economically active population (Thousand Person),Employed persons (Thousand Person),Unemployed persons (Thousand Person),Economically inactive population (Thousand Person),Labor Force Participation rate (%),Unemployment rate (%),Employment to population ratio (%),Employment to population ratio(15-64) (%),Population 15 years old and over (Thousand Person),Economically active population (Thousand Person),Employed persons (Thousand Person),Unemployed persons (Thousand Person),Economically inactive population (Thousand Person),Labor Force Participation rate (%),Unemployment rate (%),Employment to population ratio (%),Employment to population ratio(15-64) (%),Population 15 years old and over (Thousand Person),Economically active population (Thousand Person),Employed persons (Thousand Person),Unemployed persons (Thousand Person),Economically inactive population (Thousand Person),Labor Force Participation rate (%),Unemployment rate (%),Employment to population ratio (%),Employment to population ratio(15-64) (%),Population 15 years old and over (Thousand Person),Economically active population (Thousand Person),Employed persons (Thousand Person),Unemployed persons (Thousand Person),Economically inactive population (Thousand Person),Labor Force Participation rate (%),Unemployment rate (%),Employment to population ratio (%),Employment to population ratio(15-64) (%),Population 15 years old and over (Thousand Person),Economically active population (Thousand Person),Employed persons (Thousand Person),Unemployed persons (Thousand Person),Economically inactive population (Thousand Person),Labor Force Participation rate (%),Unemployment rate (%),Employment to population ratio (%),Employment to population ratio(15-64) (%),Population 15 years old and over (Thousand Person),Economically active population (Thousand Person),Employed persons (Thousand Person),Unemployed persons (Thousand Person),Economically inactive population (Thousand Person),Labor Force Participation rate (%),Unemployment rate (%),Employment to population ratio (%),Employment to population ratio(15-64) (%),Population 15 years old and over (Thousand Person),Economically active population (Thousand Person),Employed persons (Thousand Person),Unemployed persons (Thousand Person),Economically inactive population (Thousand Person),Labor Force Participation rate (%),Unemployment rate (%),Employment to population ratio (%),Employment to population ratio(15-64) (%),Population 15 years old and over (Thousand Person),Economically active population (Thousand Person),Employed persons (Thousand Person),Unemployed persons (Thousand Person),Economically inactive population (Thousand Person),Labor Force Participation rate (%),Unemployment rate (%),Employment to population ratio (%),Employment to population ratio(15-64) (%),Population 15 years old and over (Thousand Person),Economically active population (Thousand Person),Employed persons (Thousand Person),Unemployed persons (Thousand Person),Economically inactive population (Thousand Person),Labor Force Participation rate (%),Unemployment rate (%),Employment to population ratio (%),Employment to population ratio(15-64) (%),Population 15 years old and over (Thousand Person),Economically active population (Thousand Person),Employed persons (Thousand Person),Unemployed persons (Thousand Person),Economically inactive population (Thousand Person),Labor Force Participation rate (%),Unemployment rate (%),Employment to population ratio (%),Employment to population ratio(15-64) (%),Population 15 years old and over (Thousand Person),Economically active population (Thousand Person),Employed persons (Thousand Person),Unemployed persons (Thousand Person),Economically inactive population (Thousand Person),Labor Force Participation rate (%),Unemployment rate (%),Employment to population ratio (%),Employment to population ratio(15-64) (%),Population 15 years old and over (Thousand Person),Economically active population (Thousand Person),Employed persons (Thousand Person),Unemployed persons (Thousand Person),Economically inactive population (Thousand Person),Labor Force Participation rate (%),Unemployment rate (%),Employment to population ratio (%),Employment to population ratio(15-64) (%),Population 15 years old and over (Thousand Person),Economically active population (Thousand Person),Employed persons (Thousand Person),Unemployed persons (Thousand Person),Economically inactive population (Thousand Person),Labor Force Participation rate (%),Unemployment rate (%),Employment to population ratio (%),Employment to population ratio(15-64) (%),Population 15 years old and over (Thousand Person),Economically active population (Thousand Person),Employed persons (Thousand Person),Unemployed persons (Thousand Person),Economically inactive population (Thousand Person),Labor Force Participation rate (%),Unemployment rate (%),Employment to population ratio (%),Employment to population ratio(15-64) (%),Population 15 years old and over (Thousand Person),Economically active population (Thousand Person),Employed persons (Thousand Person),Unemployed persons (Thousand Person),Economically inactive population (Thousand Person),Labor Force Participation rate (%),Unemployment rate (%),Employment to population ratio (%),Employment to population ratio(15-64) (%),Population 15 years old and over (Thousand Person),Economically active population (Thousand Person),Employed persons (Thousand Person),Unemployed persons (Thousand Person),Economically inactive population (Thousand Person),Labor Force Participation rate (%),Unemployment rate (%),Employment to population ratio (%),Employment to population ratio(15-64) (%),Population 15 years old and over (Thousand Person),Economically active population (Thousand Person),Employed persons (Thousand Person),Unemployed persons (Thousand Person),Economically inactive population (Thousand Person),Labor Force Participation rate (%),Unemployment rate (%),Employment to population ratio (%),Employment to population ratio(15-64) (%),Population 15 years old and over (Thousand Person),Economically active population (Thousand Person),Employed persons (Thousand Person),Unemployed persons (Thousand Person),Economically inactive population (Thousand Person),Labor Force Participation rate (%),Unemployment rate (%),Employment to population ratio (%),Employment to population ratio(15-64) (%),Population 15 years old and over (Thousand Person),Economically active population (Thousand Person),Employed persons (Thousand Person),Unemployed persons (Thousand Person),Economically inactive population (Thousand Person),Labor Force Participation rate (%),Unemployment rate (%),Employment to population ratio (%),Employment to population ratio(15-64) (%),Population 15 years old and over (Thousand Person),Economically active population (Thousand Person),Employed persons (Thousand Person),Unemployed persons (Thousand Person),Economically inactive population (Thousand Person),Labor Force Participation rate (%),Unemployment rate (%),Employment to population ratio (%),Employment to population ratio(15-64) (%)
"Total",45779,29559,28967,592,16220,64.6,2.0,63.3,69.9,45797,29788,29154,635,16009,65.0,2.1,63.7,70.4,45819,29698,29040,658,16121,64.8,2.2,63.4,70.1,45848,29706,29046,661,16142,64.8,2.2,63.4,70.2,45874,29426,28209,1217,16448,64.1,4.1,61.5,69.6,45914,29197,27986,1211,16717,63.6,4.1,61.0,69.2,45942,29406,28413,993,16536,64.0,3.4,61.8,69.2,45950,29679,28795,884,16271,64.6,3.0,62.7,69.7,45966,29813,28961,853,16152,64.9,2.9,63.0,70.0,45984,29998,29120,878,15986,65.2,2.9,63.3,70.2,45997,29988,29154,834,16009,65.2,2.8,63.4,70.2,46015,29912,29136,776,16103,65.0,2.6,63.3,70.3,46036,29739,29151,588,16297,64.6,2.0,63.3,70.4,36192,22151,21173,978,14041,61.2,4.4,58.5,61.5,36608,22511,21614,898,14097,61.5,4.0,59.0,62.2,37014,22982,22232,751,14032,62.1,3.3,60.1,63.4,37410,23043,22222,821,14368,61.6,3.6,59.4,63.0,37772,23544,22682,862,14228,62.3,3.7,60.0,63.8,38120,23718,22831,887,14401,62.2,3.7,59.9,63.7,38632,24024,23188,836,14608,62.2,3.5,60.0,64.0,39180,24351,23561,790,14829,62.2,3.2,60.1,64.1,39775,24551,23775,776,15225,61.7,3.2,59.8,64.0,40301,24582,23688,894,15719,61.0,3.6,58.8,63.0,40825,24956,24033,924,15868,61.1,3.7,58.9,63.4,41387,25389,24527,863,15998,61.3,3.4,59.3,63.9,41857,25781,24955,826,16076,61.6,3.2,59.6,64.3,42304,26108,25299,808,16196,61.7,3.1,59.8,64.6,42795,26836,25897,939,15959,62.7,3.5,60.5,65.6,43239,27153,26178,976,16086,62.8,3.6,60.5,65.9,43606,27418,26409,1009,16187,62.9,3.7,60.6,66.1,43931,27748,26725,1023,16183,63.2,3.7,60.8,66.6,44182,27895,26822,1073,16287,63.1,3.8,60.7,66.6,44504,28186,27123,1063,16318,63.3,3.8,60.9,66.8,44785,28012,26904,1108,16773,62.5,4.0,60.1,65.9,45080,28310,27273,1037,16770,62.8,3.7,60.5,66.5,45260,28922,28089,833,16339,63.9,2.9,62.1,68.5,45407,29203,28416,787,16204,64.3,2.7,62.6,69.2,45570,29399,28576,823,16172,64.5,2.8,62.7,69.5,45762,29599,28769,830,16164,64.7,2.8,62.9,69.8
"Seoul",8442,5374,5261,113,3068,63.7,2.1,62.3,70.7,8444,5391,5254,137,3053,63.8,2.5,62.2,70.7,8446,5364,5228,137,3082,63.5,2.5,61.9,70.1,8449,5361,5224,137,3088,63.4,2.5,61.8,70.1,8451,5322,5150,172,3130,63.0,3.2,60.9,69.7,8455,5275,5084,191,3179,62.4,3.6,60.1,69.0,8455,5330,5143,187,3125,63.0,3.5,60.8,69.3,8454,5367,5186,181,3087,63.5,3.4,61.3,69.7,8453,5381,5189,192,3072,63.7,3.6,61.4,69.9,8453,5435,5244,192,3018,64.3,3.5,62.0,70.3,8452,5433,5242,191,3019,64.3,3.5,62.0,70.2,8452,5421,5243,178,3031,64.1,3.3,62.0,70.5,8453,5376,5232,144,3077,63.6,2.7,61.9,70.6,8015,4918,4668,250,3097,61.4,5.1,58.2,60.9,8061,4973,4736,238,3087,61.7,4.8,58.8,61.5,8079,5024,4807,218,3055,62.2,4.3,59.5,62.4,8116,5043,4811,232,3072,62.1,4.6,59.3,62.6,8157,5159,4917,242,2999,63.2,4.7,60.3,63.8,8192,5211,4959,251,2982,63.6,4.8,60.5,64.3,8283,5255,5015,240,3028,63.4,4.6,60.5,64.4,8362,5299,5084,216,3063,63.4,4.1,60.8,64.7,8451,5284,5077,208,3167,62.5,3.9,60.1,64.3,8520,5218,4983,236,3302,61.2,4.5,58.5,62.7,8542,5308,5059,250,3233,62.1,4.7,59.2,63.6,8576,5395,5150,245,3182,62.9,4.5,60.0,64.7,8586,5371,5145,226,3215,62.6,4.2,59.9,64.7,8591,5355,5146,210,3236,62.3,3.9,59.9,65.0,8612,5449,5209,240,3163,63.3,4.4,60.5,65.7,8611,5391,5165,226,3220,62.6,4.2,60.0,65.5,8583,5372,5146,226,3211,62.6,4.2,60.0,65.8,8557,5396,5152,244,3161,63.1,4.5,60.2,66.4,8521,5335,5080,254,3186,62.6,4.8,59.6,66.0,8478,5319,5086,233,3159,62.7,4.4,60.0,66.3,8516,5293,5051,241,3223,62.1,4.6,59.3,65.9,8533,5312,5055,257,3221,62.3,4.8,59.2,66.6,8465,5295,5113,181,3171,62.5,3.4,60.4,68.4,8469,5319,5174,146,3150,62.8,2.7,61.1,69.5,8470,5393,5228,164,3078,63.7,3.0,61.7,70.4,8449,5379,5198,181,3070,63.7,3.4,61.5,70.0
"Jeonnam-Gwangju",2796,1830,1790,40,966,65.5,2.2,64.0,68.7,2795,1841,1794,47,955,65.8,2.5,64.2,68.8,2795,1839,1797,42,956,65.8,2.3,64.3,69.2,2796,1834,1793,42,962,65.6,2.3,64.1,69.0,2796,1822,1709,113,974,65.2,6.2,61.1,68.5,2798,1813,1713,101,984,64.8,5.6,61.2,68.0,2798,1823,1754,69,976,65.1,3.8,62.7,68.0,2798,1830,1779,51,968,65.4,2.8,63.6,68.9,2798,1840,1791,48,958,65.8,2.6,64.0,69.7,2798,1852,1799,53,946,66.2,2.9,64.3,69.8,2798,1854,1804,50,944,66.3,2.7,64.5,69.7,2798,1853,1808,46,945,66.2,2.5,64.6,69.9,2798,1838,1804,35,960,65.7,1.9,64.5,69.7,-,-,-,-,-,-,-,-,-,-,-,-,-,-,-,-,-,-,-,-,-,-,-,-,-,-,-,-,-,-,-,-,-,-,-,-,-,-,-,-,-,-,-,-,-,-,-,-,-,-,-,-,-,-,-,-,-,-,-,-,-,-,-,-,-,-,-,-,-,-,-,-,-,-,-,-,-,-,-,-,-,-,-,-,-,-,-,-,-,-,-,-,-,-,-,-,-,-,-,-,-,-,-,-,-,-,-,-,-,-,-,-,-,-,-,-,-,-,-,-,-,-,-,-,-,-,-,-,-,-,-,-,-,-,-,-,-,-,-,-,-,-,-,-,-,-,-,-,-,-,-,-,-,-,-,-,-,-,-,-,-,-,-,-,-,-,-,-,-,-,-,-,-,-,-,-,-,-,-,-,-,-,-,-,-,-,-,-,-,-,-,-,-,-,-,-,-,-,-,-,-,-,-,-,-,-,-,-,-,-,-,-,-,-,-,-,-,-,-,-,-,-,-,-,-,2796,1830,1774,57,966,65.5,3.1,63.4,68.4
"Gwangju",1275,805,787,18,470,63.1,2.2,61.7,66.8,1275,809,787,22,466,63.5,2.7,61.7,67.0,1274,808,790,18,466,63.4,2.3,62.0,67.3,1274,803,784,19,471,63.1,2.4,61.6,67.0,1274,800,753,47,474,62.8,5.9,59.1,66.5,1273,800,763,37,473,62.8,4.6,59.9,66.5,1272,797,768,29,475,62.7,3.7,60.4,66.3,1271,801,778,24,469,63.1,3.0,61.2,67.2,1269,808,784,24,461,63.7,3.0,61.7,67.9,1268,807,782,25,462,63.6,3.0,61.7,67.7,1267,809,786,24,458,63.9,2.9,62.0,68.0,1267,809,789,20,457,63.9,2.5,62.3,68.2,1266,809,793,16,457,63.9,2.0,62.6,68.5,1037,592,554,39,445,57.1,6.5,53.4,55.9,1055,610,579,31,445,57.8,5.1,54.9,57.4,1072,631,607,24,441,58.9,3.8,56.6,59.3,1087,625,596,29,462,57.5,4.6,54.8,57.9,1101,637,610,27,463,57.9,4.3,55.4,58.5,1109,650,621,28,459,58.6,4.4,56.0,59.5,1119,650,623,27,468,58.1,4.2,55.7,59.4,1135,670,643,27,465,59.0,4.0,56.7,60.4,1153,676,650,26,477,58.6,3.8,56.4,60.6,1174,688,662,26,486,58.6,3.8,56.4,60.6,1195,705,680,25,490,59.0,3.5,56.9,61.0,1213,709,687,22,505,58.4,3.1,56.6,60.7,1225,710,691,19,515,57.9,2.7,56.4,60.8,1234,727,706,21,508,58.9,2.8,57.2,61.6,1244,753,732,21,491,60.5,2.8,58.8,63.4,1253,755,733,22,498,60.3,2.9,58.5,63.2,1257,753,730,23,504,59.9,3.1,58.1,62.5,1260,766,744,22,494,60.8,2.9,59.0,63.8,1261,779,749,30,483,61.7,3.8,59.4,64.6,1265,778,750,29,486,61.5,3.7,59.3,64.5,1274,778,748,30,497,61.0,3.9,58.7,63.8,1280,772,745,28,508,60.3,3.6,58.2,63.4,1279,772,750,22,507,60.4,2.9,58.6,64.3,1280,789,769,20,491,61.6,2.5,60.1,65.6,1279,799,774,24,480,62.5,3.0,60.6,66.0,1276,802,776,26,474,62.9,3.3,60.8,66.2
"Jeollanam-do",1520,1025,1004,22,495,67.4,2.1,66.0,70.5,1521,1032,1007,25,489,67.8,2.4,66.2,70.6,1521,1031,1007,24,490,67.8,2.3,66.2,71.1,1522,1031,1008,23,491,67.7,2.2,66.3,71.0,1523,1022,957,66,500,67.2,6.4,62.8,70.4,1525,1014,950,64,511,66.5,6.3,62.3,69.3,1526,1025,986,40,501,67.2,3.9,64.6,69.7,1527,1028,1001,27,499,67.3,2.6,65.5,70.6,1529,1032,1008,24,497,67.5,2.3,65.9,71.5,1530,1046,1017,29,484,68.4,2.8,66.5,71.7,1531,1045,1018,27,487,68.2,2.5,66.5,71.3,1531,1044,1019,25,488,68.2,2.4,66.5,71.5,1531,1029,1010,18,503,67.2,1.8,66.0,70.9,1582,1014,981,33,568,64.1,3.3,62.0,65.2,1564,1014,983,31,550,64.8,3.0,62.9,65.9,1536,1010,988,23,525,65.8,2.3,64.3,67.4,1508,992,969,23,516,65.8,2.3,64.3,68.1,1480,973,949,24,507,65.7,2.4,64.1,68.5,1463,961,939,22,502,65.7,2.3,64.2,68.9,1463,952,935,16,512,65.0,1.7,63.9,68.7,1456,948,931,17,508,65.1,1.8,64.0,68.3,1455,947,927,19,508,65.1,2.0,63.8,67.6,1458,949,934,15,509,65.1,1.6,64.1,67.5,1465,932,912,20,533,63.6,2.1,62.3,67.2,1481,941,922,19,540,63.5,2.0,62.3,67.2,1492,959,943,15,534,64.2,1.6,63.2,68.0,1504,963,942,21,542,64.0,2.1,62.6,67.5,1520,973,945,28,547,64.0,2.9,62.2,67.0,1532,987,962,25,545,64.4,2.5,62.8,67.9,1539,994,964,30,545,64.6,3.0,62.7,67.5,1541,988,957,31,553,64.1,3.2,62.1,66.8,1540,988,961,28,551,64.2,2.8,62.4,67.6,1535,999,974,26,536,65.1,2.6,63.4,68.8,1525,998,974,24,528,65.4,2.4,63.9,69.1,1524,1008,985,24,516,66.2,2.3,64.6,69.4,1525,1033,1010,23,491,67.8,2.2,66.3,71.2,1523,1042,1019,23,482,68.4,2.2,66.9,71.8,1520,1032,1004,28,488,67.9,2.7,66.1,70.8,1520,1028,997,31,492,67.6,3.0,65.6,70.5
"Busan",2906,1731,1693,37,1175,59.6,2.1,58.3,68.0,2904,1749,1714,35,1156,60.2,2.0,59.0,68.7,2904,1739,1707,32,1165,59.9,1.8,58.8,68.5,2903,1754,1718,36,1149,60.4,2.0,59.2,68.8,2902,1750,1672,78,1152,60.3,4.5,57.6,68.8,2903,1739,1657,83,1164,59.9,4.8,57.1,68.6,2903,1744,1695,49,1159,60.1,2.8,58.4,68.7,2902,1737,1694,43,1165,59.9,2.5,58.4,68.6,2901,1735,1688,47,1166,59.8,2.7,58.2,68.2,2901,1744,1699,45,1156,60.1,2.6,58.6,68.4,2900,1748,1710,39,1152,60.3,2.2,59.0,68.9,2899,1760,1723,37,1139,60.7,2.1,59.4,69.6,2899,1726,1704,22,1173,59.5,1.3,58.8,68.7,2949,1758,1633,125,1192,59.6,7.1,55.4,58.4,2948,1747,1648,99,1201,59.3,5.7,55.9,59.3,2940,1780,1710,70,1160,60.5,3.9,58.2,61.7,2930,1688,1619,69,1242,57.6,4.1,55.3,59.2,2926,1703,1628,75,1223,58.2,4.4,55.6,59.6,2919,1705,1630,75,1214,58.4,4.4,55.9,60.1,2928,1714,1642,72,1214,58.5,4.2,56.1,60.5,2931,1713,1644,68,1218,58.4,4.0,56.1,60.7,2934,1687,1623,64,1247,57.5,3.8,55.3,60.3,2940,1665,1593,72,1275,56.6,4.3,54.2,59.3,2945,1659,1599,60,1286,56.3,3.6,54.3,59.7,2964,1676,1615,61,1288,56.6,3.6,54.5,60.2,2969,1727,1660,67,1242,58.2,3.9,55.9,61.7,2976,1737,1670,67,1239,58.4,3.8,56.1,61.8,2985,1760,1693,67,1225,59.0,3.8,56.7,62.7,2993,1756,1684,71,1238,58.7,4.1,56.3,62.7,3001,1754,1686,69,1247,58.5,3.9,56.2,62.6,2992,1766,1685,81,1226,59.0,4.6,56.3,63.4,2975,1729,1657,71,1247,58.1,4.1,55.7,62.9,2960,1741,1676,65,1219,58.8,3.7,56.6,64.2,2948,1712,1640,72,1237,58.1,4.2,55.6,62.9,2949,1715,1657,58,1234,58.2,3.4,56.2,63.9,2939,1730,1679,51,1209,58.9,3.0,57.1,65.4,2930,1746,1691,55,1184,59.6,3.1,57.7,66.5,2920,1740,1688,52,1181,59.6,3.0,57.8,66.9,2908,1746,1698,48,1162,60.0,2.8,58.4,68.1
"Daegu",2094,1240,1213,27,854,59.2,2.1,57.9,65.2,2094,1260,1224,36,834,60.2,2.8,58.5,66.0,2095,1255,1217,37,840,59.9,3.0,58.1,65.9,2095,1264,1228,36,832,60.3,2.9,58.6,66.3,2096,1260,1198,62,836,60.1,4.9,57.2,66.0,2097,1243,1179,64,855,59.2,5.1,56.2,65.6,2098,1254,1214,40,844,59.8,3.2,57.9,65.8,2097,1256,1216,41,841,59.9,3.3,58.0,65.6,2097,1258,1225,33,840,60.0,2.6,58.4,65.8,2097,1266,1231,35,831,60.4,2.8,58.7,66.0,2097,1264,1226,38,833,60.3,3.0,58.5,65.9,2097,1260,1228,32,838,60.1,2.5,58.6,66.3,2098,1250,1224,26,848,59.6,2.1,58.3,66.5,1951,1148,1092,56,803,58.9,4.9,56.0,59.2,1963,1175,1118,57,787,59.9,4.8,57.0,60.3,1970,1203,1153,51,766,61.1,4.2,58.5,62.0,1980,1196,1143,53,784,60.4,4.4,57.7,61.0,1989,1220,1168,52,769,61.3,4.2,58.7,62.2,1985,1210,1158,52,775,60.9,4.3,58.3,61.9,1985,1193,1148,45,792,60.1,3.7,57.9,61.8,1996,1186,1144,42,810,59.4,3.6,57.3,61.9,2010,1178,1135,43,832,58.6,3.7,56.5,61.3,2026,1194,1142,52,832,58.9,4.3,56.4,61.1,2041,1212,1163,49,828,59.4,4.0,57.0,61.8,2059,1215,1170,45,844,59.0,3.7,56.8,61.5,2070,1250,1208,41,821,60.4,3.3,58.4,63.3,2080,1246,1205,41,834,59.9,3.3,57.9,63.2,2090,1275,1227,49,815,61.0,3.8,58.7,64.3,2096,1291,1246,45,805,61.6,3.5,59.4,65.4,2102,1301,1247,54,802,61.9,4.1,59.3,65.3,2108,1291,1239,52,817,61.2,4.0,58.8,65.0,2106,1282,1226,56,824,60.9,4.4,58.2,64.2,2104,1266,1219,47,838,60.2,3.7,57.9,64.2,2091,1232,1184,48,859,58.9,3.9,56.6,63.0,2090,1265,1217,47,825,60.5,3.7,58.2,65.5,2077,1265,1228,37,812,60.9,2.9,59.1,66.9,2086,1286,1247,39,800,61.7,3.1,59.8,67.8,2096,1258,1215,43,838,60.0,3.4,58.0,65.6,2095,1255,1214,41,840,59.9,3.3,58.0,65.7
"Incheon",2715,1763,1720,43,952,64.9,2.4,63.4,69.4,2718,1790,1753,37,928,65.8,2.1,64.5,70.7,2722,1786,1737,50,936,65.6,2.8,63.8,69.8,2727,1782,1729,53,944,65.4,3.0,63.4,69.6,2731,1764,1668,96,967,64.6,5.5,61.1,68.8,2736,1762,1682,79,974,64.4,4.5,61.5,69.0,2740,1777,1717,60,963,64.9,3.4,62.7,69.2,2744,1785,1730,56,958,65.1,3.1,63.1,69.3,2747,1797,1739,58,951,65.4,3.2,63.3,69.5,2751,1806,1745,60,946,65.6,3.3,63.4,69.7,2755,1797,1747,50,958,65.2,2.8,63.4,69.6,2758,1786,1737,49,972,64.8,2.7,63.0,69.5,2761,1787,1745,42,974,64.7,2.4,63.2,70.0,1892,1164,1101,63,729,61.5,5.4,58.2,61.5,1926,1195,1139,56,731,62.0,4.7,59.1,62.6,1957,1226,1177,49,731,62.6,4.0,60.1,63.8,1978,1225,1172,53,754,61.9,4.4,59.2,62.7,1995,1238,1182,56,757,62.0,4.5,59.2,62.7,2020,1247,1190,57,774,61.7,4.5,58.9,62.8,2056,1279,1223,56,777,62.2,4.4,59.5,63.4,2109,1318,1265,53,791,62.5,4.0,60.0,64.0,2162,1334,1281,53,828,61.7,3.9,59.3,63.2,2195,1362,1300,62,834,62.0,4.5,59.2,63.2,2233,1402,1332,71,831,62.8,5.0,59.6,63.8,2276,1449,1380,69,827,63.7,4.7,60.7,65.0,2320,1496,1429,68,824,64.5,4.5,61.6,65.7,2363,1511,1448,63,852,63.9,4.1,61.3,65.3,2403,1544,1472,72,858,64.3,4.7,61.3,65.4,2433,1567,1488,79,867,64.4,5.0,61.1,65.9,2461,1598,1520,78,863,64.9,4.9,61.8,67.2,2485,1607,1533,75,878,64.7,4.6,61.7,67.3,2503,1645,1575,70,858,65.7,4.3,62.9,68.6,2529,1653,1581,72,876,65.4,4.4,62.5,68.3,2544,1634,1560,74,910,64.2,4.6,61.3,66.9,2548,1629,1563,66,920,63.9,4.0,61.3,67.4,2575,1670,1614,56,906,64.8,3.3,62.7,69.4,2623,1709,1655,54,914,65.2,3.2,63.1,69.4,2671,1753,1696,57,918,65.6,3.3,63.5,70.0,2711,1773,1715,58,938,65.4,3.2,63.3,69.8
"Daejeon",1308,833,817,17,475,63.7,2.0,62.4,68.8,1308,842,823,18,467,64.3,2.2,62.9,69.1,1309,839,817,22,470,64.1,2.6,62.4,68.3,1310,835,816,19,475,63.8,2.3,62.3,68.2,1311,832,800,33,479,63.5,3.9,61.0,68.1,1313,827,788,39,486,63.0,4.7,60.0,67.0,1314,829,796,33,485,63.1,4.0,60.6,66.6,1315,836,807,29,479,63.6,3.4,61.4,67.4,1316,836,811,24,480,63.5,2.9,61.7,67.9,1317,849,823,25,468,64.5,3.0,62.5,68.8,1317,840,823,17,477,63.8,2.1,62.4,68.3,1318,837,815,22,481,63.5,2.6,61.8,67.8,1319,837,819,18,482,63.5,2.1,62.1,68.1,1057,608,579,29,449,57.6,4.8,54.8,57.8,1076,636,608,29,440,59.1,4.5,56.5,59.7,1095,666,640,26,429,60.8,3.8,58.5,61.8,1116,664,638,25,452,59.5,3.8,57.2,60.9,1129,672,643,28,458,59.5,4.2,57.0,60.7,1144,667,638,30,476,58.4,4.5,55.8,59.5,1162,683,653,31,479,58.8,4.5,56.2,60.1,1182,699,670,29,483,59.2,4.1,56.7,60.8,1198,711,685,26,487,59.4,3.7,57.2,61.4,1214,714,688,26,499,58.9,3.7,56.7,60.8,1230,721,694,26,510,58.6,3.7,56.4,60.7,1247,736,709,27,511,59.0,3.6,56.9,61.1,1264,751,724,28,512,59.5,3.7,57.3,61.6,1277,757,734,23,520,59.3,3.0,57.5,62.0,1288,788,762,27,500,61.2,3.4,59.1,64.1,1291,797,770,27,494,61.7,3.4,59.6,64.6,1295,800,774,26,496,61.7,3.2,59.7,64.6,1296,791,764,27,505,61.0,3.4,58.9,64.0,1293,792,759,34,500,61.3,4.2,58.7,63.9,1291,806,772,34,485,62.4,4.2,59.8,65.3,1286,816,780,36,471,63.4,4.4,60.7,66.2,1288,811,785,27,477,63.0,3.3,60.9,66.7,1288,813,794,19,475,63.1,2.4,61.6,67.9,1294,820,797,23,474,63.4,2.8,61.6,67.8,1302,814,789,25,488,62.5,3.0,60.6,67.2,1307,835,811,24,472,63.9,2.9,62.0,68.4
"Ulsan",961,584,575,9,378,60.7,1.5,59.8,66.6,961,587,578,10,374,61.1,1.7,60.1,66.8,962,584,572,12,378,60.7,2.0,59.5,66.3,962,586,578,8,376,60.9,1.4,60.1,67.3,962,585,557,28,377,60.9,4.8,57.9,66.8,963,586,565,22,376,60.9,3.7,58.7,66.9,963,594,576,18,369,61.7,3.0,59.8,67.4,963,600,581,18,364,62.2,3.0,60.3,67.4,964,602,588,14,362,62.5,2.4,61.0,68.3,964,602,587,15,363,62.4,2.5,60.8,68.1,964,601,585,15,364,62.3,2.6,60.7,67.8,965,603,588,14,362,62.5,2.4,61.0,67.8,965,599,583,16,366,62.1,2.6,60.4,67.1,759,456,437,20,302,60.1,4.3,57.6,59.3,772,464,448,16,308,60.1,3.4,58.1,60.0,785,483,471,12,302,61.5,2.5,60.0,62.3,796,487,471,16,309,61.2,3.2,59.2,61.3,806,499,482,18,307,61.9,3.5,59.8,61.8,817,499,482,17,318,61.0,3.4,59.0,61.3,829,496,482,14,333,59.8,2.8,58.1,60.5,843,515,502,13,327,61.1,2.5,59.6,62.2,860,537,519,18,324,62.4,3.4,60.3,62.8,874,536,514,22,339,61.2,4.1,58.7,61.4,886,542,523,19,344,61.2,3.5,59.1,62.0,902,555,539,15,348,61.4,2.7,59.8,63.1,920,564,550,15,356,61.3,2.6,59.8,63.1,938,566,554,12,372,60.3,2.1,59.0,62.1,955,572,556,16,383,59.9,2.7,58.3,61.4,970,590,573,17,380,60.8,2.9,59.0,62.5,976,599,576,23,378,61.3,3.8,59.0,62.4,976,605,584,21,372,61.9,3.5,59.8,63.9,973,602,574,28,371,61.8,4.6,59.0,63.6,967,596,571,25,370,61.7,4.2,59.1,63.7,964,585,560,25,379,60.7,4.2,58.1,62.9,962,575,555,21,386,59.8,3.6,57.7,62.9,956,584,566,19,372,61.1,3.2,59.2,64.7,957,592,572,20,365,61.9,3.4,59.7,65.5,957,594,572,22,362,62.1,3.7,59.8,65.9,961,589,575,14,372,61.3,2.3,59.9,66.8
"Sejong",328,217,213,4,111,66.1,1.8,64.9,68.4,328,218,212,5,111,66.3,2.3,64.7,67.9,329,216,212,4,113,65.7,1.8,64.5,67.8,329,216,212,4,113,65.7,1.9,64.4,67.9,330,216,210,7,114,65.5,3.0,63.5,68.4,330,216,210,6,114,65.5,2.8,63.7,68.6,331,216,211,5,115,65.3,2.4,63.7,67.9,331,218,215,3,113,65.9,1.5,64.9,68.4,331,220,217,3,111,66.6,1.3,65.7,69.0,331,221,218,3,110,66.9,1.5,65.9,69.1,331,223,218,4,108,67.3,2.0,66.0,69.0,331,223,219,4,108,67.4,1.8,66.2,69.7,331,220,218,3,111,66.5,1.1,65.8,69.3,-,-,-,-,-,-,-,-,-,-,-,-,-,-,-,-,-,-,-,-,-,-,-,-,-,-,-,-,-,-,-,-,-,-,-,-,-,-,-,-,-,-,-,-,-,-,-,-,-,-,-,-,-,-,-,-,-,-,-,-,-,-,-,-,-,-,-,-,-,-,-,-,-,-,-,-,-,-,-,-,-,-,-,-,-,-,-,-,-,-,-,-,-,-,-,-,-,-,-,-,-,-,-,-,-,-,-,-,-,-,-,-,-,-,-,-,-,-,-,-,-,-,-,-,-,-,-,-,-,-,-,-,-,-,-,-,-,-,-,-,-,-,-,-,-,-,-,-,-,-,-,-,-,211,132,129,3,79,62.7,2.3,61.2,64.8,240,152,148,4,88,63.2,2.3,61.8,65.6,268,172,168,5,96,64.3,2.7,62.5,65.9,287,185,180,5,102,64.5,2.8,62.7,66.3,296,189,185,4,107,64.0,2.1,62.6,66.2,310,201,197,4,108,65.0,2.0,63.7,67.4,322,212,208,4,110,65.9,2.0,64.6,67.9,323,214,210,4,108,66.4,1.9,65.2,69.0,327,216,211,5,110,66.2,2.4,64.6,68.4
"Gyeonggi-do",12221,7966,7783,184,4254,65.2,2.3,63.7,70.3,12231,8020,7834,186,4211,65.6,2.3,64.1,70.7,12243,7997,7789,208,4246,65.3,2.6,63.6,70.3,12257,8018,7800,219,4239,65.4,2.7,63.6,70.4,12270,7976,7714,262,4294,65.0,3.3,62.9,70.1,12283,7951,7649,302,4333,64.7,3.8,62.3,70.0,12294,7997,7684,313,4296,65.1,3.9,62.5,69.6,12298,8038,7758,280,4260,65.4,3.5,63.1,69.9,12305,8061,7813,248,4245,65.5,3.1,63.5,70.4,12313,8081,7830,252,4232,65.6,3.1,63.6,70.5,12320,8091,7838,253,4228,65.7,3.1,63.6,70.5,12330,8094,7854,239,4236,65.6,3.0,63.7,70.6,12341,8081,7907,174,4261,65.5,2.2,64.1,71.0,6803,4232,4067,165,2571,62.2,3.9,59.8,63.1,7072,4401,4245,156,2671,62.2,3.5,60.0,63.4,7390,4619,4490,129,2771,62.5,2.8,60.8,64.3,7701,4767,4607,160,2934,61.9,3.4,59.8,63.5,7966,5013,4833,180,2953,62.9,3.6,60.7,64.3,8203,5158,4960,198,3045,62.9,3.8,60.5,64.0,8432,5307,5121,186,3125,62.9,3.5,60.7,64.5,8687,5434,5255,179,3253,62.6,3.3,60.5,64.4,8934,5585,5408,177,3349,62.5,3.2,60.5,64.6,9143,5621,5409,213,3522,61.5,3.8,59.2,63.4,9383,5786,5556,230,3597,61.7,4.0,59.2,63.7,9602,5901,5698,202,3701,61.5,3.4,59.3,63.9,9795,6055,5857,199,3740,61.8,3.3,59.8,64.4,9986,6200,6017,183,3787,62.1,3.0,60.2,64.8,10179,6488,6272,216,3692,63.7,3.3,61.6,66.5,10365,6653,6393,261,3712,64.2,3.9,61.7,66.8,10548,6767,6504,264,3781,64.2,3.9,61.7,67.0,10760,6953,6685,269,3806,64.6,3.9,62.1,67.9,10959,7058,6790,268,3901,64.4,3.8,62.0,67.9,11234,7226,6952,274,4008,64.3,3.8,61.9,67.6,11456,7193,6909,285,4263,62.8,4.0,60.3,65.9,11695,7422,7150,272,4273,63.5,3.7,61.1,66.9,11883,7809,7597,211,4075,65.7,2.7,63.9,70.0,11961,7860,7653,206,4102,65.7,2.6,64.0,70.4,12071,7938,7732,206,4133,65.8,2.6,64.1,70.7,12205,8001,7788,213,4204,65.6,2.7,63.8,70.7
"Gangwon-do",1325,890,877,14,435,67.2,1.5,66.2,71.1,1325,899,887,12,426,67.8,1.4,66.9,72.0,1325,899,882,17,426,67.8,1.9,66.6,71.6,1325,894,876,18,431,67.5,2.0,66.1,70.9,1325,846,800,46,479,63.8,5.4,60.4,69.7,1328,834,780,54,494,62.8,6.5,58.7,67.8,1329,854,822,31,475,64.2,3.6,61.9,68.5,1328,879,861,18,449,66.2,2.0,64.9,70.7,1328,899,882,17,429,67.7,1.9,66.4,71.4,1328,913,892,21,415,68.7,2.2,67.2,72.0,1328,911,890,20,417,68.6,2.2,67.1,71.5,1328,908,885,23,420,68.4,2.5,66.7,71.1,1329,904,887,16,425,68.0,1.8,66.8,71.4,1170,689,671,18,482,58.8,2.6,57.3,60.9,1173,680,665,16,492,58.0,2.3,56.7,60.5,1173,700,687,13,473,59.7,1.8,58.6,62.7,1172,684,670,14,488,58.4,2.0,57.2,61.9,1174,695,681,15,479,59.2,2.1,58.0,63.1,1174,689,676,12,486,58.6,1.8,57.6,62.5,1178,696,687,9,482,59.1,1.3,58.3,63.2,1184,695,682,13,489,58.7,1.9,57.6,62.8,1195,701,689,12,494,58.6,1.7,57.6,62.7,1208,710,695,15,498,58.8,2.1,57.5,62.9,1220,701,683,18,519,57.5,2.6,56.0,61.5,1230,707,692,16,523,57.5,2.2,56.2,62.0,1243,725,707,18,518,58.3,2.5,56.9,62.8,1254,723,706,17,532,57.6,2.3,56.3,62.6,1267,743,721,23,523,58.7,3.1,56.9,62.9,1280,765,741,25,515,59.8,3.2,57.9,64.3,1288,771,749,22,517,59.9,2.8,58.2,64.6,1295,811,790,21,484,62.6,2.6,61.0,67.1,1300,812,789,24,488,62.5,2.9,60.7,66.7,1303,841,811,30,462,64.6,3.6,62.3,68.3,1307,827,795,33,480,63.3,3.9,60.8,67.0,1317,840,809,30,478,63.7,3.6,61.4,67.2,1323,845,818,27,478,63.9,3.2,61.8,67.8,1327,865,841,24,463,65.1,2.8,63.3,69.6,1328,868,844,24,460,65.3,2.8,63.5,70.3,1326,877,855,23,449,66.1,2.6,64.4,70.6
"Chungcheongbuk-do",1454,998,991,8,456,68.7,0.8,68.2,73.7,1455,1006,996,10,449,69.1,1.0,68.5,74.0,1456,1008,998,9,448,69.2,0.9,68.6,74.4,1457,1004,993,10,454,68.9,1.0,68.2,73.8,1459,975,950,26,483,66.9,2.6,65.1,72.6,1461,970,935,35,491,66.4,3.6,64.0,72.5,1464,980,961,20,483,67.0,2.0,65.6,72.2,1465,990,971,19,475,67.6,1.9,66.3,72.0,1468,999,982,18,468,68.1,1.8,66.9,72.0,1470,1016,995,22,454,69.1,2.1,67.7,72.5,1472,1016,1001,16,456,69.1,1.5,68.0,73.1,1473,1005,990,15,468,68.2,1.5,67.2,72.2,1475,998,988,10,477,67.7,1.0,67.0,72.2,1150,691,666,25,459,60.1,3.6,57.9,61.6,1157,693,669,24,465,59.9,3.4,57.8,61.6,1161,701,684,18,459,60.4,2.5,58.9,62.9,1163,689,668,22,474,59.3,3.1,57.4,61.5,1167,701,682,19,466,60.0,2.7,58.4,62.4,1170,698,682,16,472,59.7,2.3,58.3,62.5,1181,703,688,16,477,59.6,2.2,58.3,62.6,1196,718,701,16,479,60.0,2.3,58.6,63.3,1217,735,719,16,482,60.4,2.2,59.1,64.3,1233,745,729,16,488,60.4,2.1,59.1,64.4,1250,760,743,17,490,60.8,2.2,59.5,64.8,1275,778,759,19,497,61.0,2.4,59.5,64.6,1292,776,760,16,517,60.0,2.0,58.8,63.7,1308,800,784,16,507,61.2,2.0,60.0,65.2,1327,848,823,25,479,63.9,3.0,62.0,67.5,1345,862,839,22,484,64.0,2.6,62.4,68.3,1363,867,845,23,495,63.7,2.6,62.0,68.2,1376,880,861,20,495,64.0,2.2,62.6,69.1,1385,898,876,22,487,64.9,2.4,63.3,69.1,1400,908,880,28,492,64.9,3.1,62.9,68.3,1409,919,890,29,489,65.3,3.2,63.2,69.0,1417,920,897,23,496,65.0,2.5,63.3,69.9,1427,949,926,23,478,66.5,2.5,64.9,71.1,1435,961,939,22,474,67.0,2.3,65.4,71.4,1443,972,951,22,470,67.4,2.2,65.9,71.7,1453,993,976,17,460,68.3,1.7,67.2,73.2
"Chungcheongnam-do",1982,1330,1307,23,652,67.1,1.7,65.9,71.3,1983,1353,1326,27,630,68.2,2.0,66.9,72.0,1985,1347,1318,28,638,67.8,2.1,66.4,71.3,1986,1348,1328,19,639,67.8,1.4,66.9,72.3,1988,1312,1271,41,677,66.0,3.1,63.9,71.6,1991,1274,1228,46,716,64.0,3.6,61.7,70.3,1993,1296,1261,35,697,65.0,2.7,63.3,70.2,1994,1352,1327,25,643,67.8,1.8,66.5,72.4,1996,1381,1354,28,615,69.2,2.0,67.8,73.2,1998,1375,1353,22,623,68.8,1.6,67.7,72.8,2000,1371,1353,19,629,68.6,1.4,67.6,72.6,2001,1364,1350,15,637,68.2,1.1,67.4,72.5,2003,1355,1348,7,648,67.7,0.5,67.3,72.6,1459,917,892,26,542,62.8,2.8,61.1,64.5,1463,924,897,27,540,63.1,2.9,61.3,65.2,1466,936,911,25,530,63.8,2.7,62.1,66.3,1472,935,908,27,537,63.5,2.9,61.7,66.1,1493,966,943,23,527,64.7,2.4,63.2,67.7,1521,980,954,27,541,64.4,2.7,62.7,67.1,1554,1019,994,25,535,65.6,2.5,63.9,67.8,1590,1051,1027,25,539,66.1,2.4,64.6,68.3,1632,1039,1013,26,593,63.6,2.5,62.1,66.2,1668,1037,1005,32,631,62.2,3.1,60.2,65.0,1709,1061,1029,31,648,62.1,3.0,60.2,66.0,1743,1089,1063,26,655,62.4,2.4,61.0,66.5,1780,1121,1095,26,660,63.0,2.3,61.5,66.5,1821,1173,1141,32,647,64.4,2.8,62.7,67.4,1865,1203,1163,40,662,64.5,3.3,62.4,67.4,1925,1242,1199,43,684,64.5,3.5,62.3,67.9,1987,1266,1226,40,721,63.7,3.2,61.7,67.5,1831,1174,1140,33,657,64.1,2.8,62.3,67.9,1855,1216,1179,38,639,65.6,3.1,63.5,69.0,1878,1231,1196,35,647,65.6,2.9,63.7,69.3,1885,1218,1176,42,667,64.6,3.5,62.4,67.8,1893,1221,1193,28,672,64.5,2.3,63.0,68.2,1908,1255,1226,29,653,65.8,2.3,64.3,69.5,1926,1281,1248,33,645,66.5,2.6,64.8,69.8,1952,1302,1264,38,650,66.7,2.9,64.8,70.3,1979,1333,1297,36,646,67.4,2.7,65.5,71.5
"Jeollabuk-do",1546,1017,1001,16,529,65.8,1.6,64.7,69.6,1546,1025,1008,17,521,66.3,1.7,65.2,70.1,1546,1015,1001,15,531,65.7,1.4,64.7,69.6,1546,1011,998,13,535,65.4,1.3,64.6,69.6,1546,993,914,79,553,64.2,8.0,59.1,68.1,1548,980,933,46,568,63.3,4.7,60.3,67.0,1548,991,965,26,557,64.0,2.6,62.3,67.8,1548,1008,986,22,540,65.1,2.2,63.7,69.0,1548,1024,999,25,524,66.2,2.5,64.5,69.1,1549,1019,997,23,530,65.8,2.2,64.3,69.2,1549,1021,1000,21,528,65.9,2.0,64.6,69.6,1549,1009,994,15,540,65.2,1.5,64.2,69.4,1549,1008,990,17,542,65.0,1.7,63.9,69.2,1492,871,844,27,621,58.4,3.1,56.5,59.8,1486,881,853,28,605,59.3,3.2,57.4,61.0,1475,865,843,22,610,58.6,2.5,57.2,61.2,1460,862,839,24,597,59.1,2.7,57.5,61.9,1445,853,829,24,592,59.0,2.8,57.4,61.8,1432,844,823,21,588,58.9,2.5,57.5,62.5,1433,851,829,22,582,59.4,2.6,57.8,62.4,1435,862,842,20,573,60.1,2.4,58.7,63.0,1443,863,843,19,581,59.8,2.2,58.4,62.7,1457,860,843,17,597,59.0,2.0,57.8,62.3,1473,859,839,19,615,58.3,2.2,57.0,61.6,1497,882,862,21,615,58.9,2.3,57.6,62.2,1514,889,871,18,625,58.7,2.0,57.5,62.5,1528,913,895,18,615,59.8,2.0,58.6,63.9,1545,923,901,23,621,59.8,2.5,58.3,63.5,1559,938,922,16,621,60.2,1.7,59.2,64.6,1569,960,940,20,609,61.2,2.1,59.9,65.5,1571,944,921,24,627,60.1,2.5,58.6,64.4,1569,940,915,26,629,59.9,2.7,58.3,63.9,1563,953,928,26,610,61.0,2.7,59.3,64.4,1555,956,932,24,600,61.5,2.5,59.9,64.6,1555,974,953,21,582,62.6,2.2,61.2,66.1,1556,992,968,24,564,63.7,2.4,62.2,66.8,1553,1008,983,25,545,64.9,2.5,63.3,67.8,1549,1013,988,26,536,65.4,2.5,63.8,68.7,1547,1007,979,28,540,65.1,2.8,63.3,68.8
"Gyeongsangbuk-do",2283,1543,1516,26,741,67.6,1.7,66.4,71.3,2283,1550,1525,26,733,67.9,1.7,66.8,72.0,2282,1533,1519,15,749,67.2,1.0,66.5,71.8,2282,1514,1497,17,768,66.3,1.1,65.6,71.2,2282,1490,1406,84,792,65.3,5.6,61.6,69.9,2283,1457,1394,63,827,63.8,4.3,61.0,69.1,2284,1455,1406,49,829,63.7,3.4,61.6,68.4,2284,1495,1448,47,789,65.5,3.2,63.4,69.7,2284,1493,1450,43,790,65.4,2.9,63.5,69.8,2284,1514,1473,41,770,66.3,2.7,64.5,70.5,2283,1521,1486,35,762,66.6,2.3,65.1,71.3,2283,1518,1484,34,765,66.5,2.2,65.0,71.2,2283,1509,1487,22,774,66.1,1.5,65.1,71.5,2172,1415,1368,48,756,65.2,3.4,63.0,66.0,2166,1413,1375,38,753,65.2,2.7,63.5,66.6,2159,1410,1379,31,749,65.3,2.2,63.9,67.2,2145,1394,1363,31,751,65.0,2.2,63.6,68.0,2131,1400,1363,37,732,65.7,2.6,63.9,68.3,2131,1389,1355,34,742,65.2,2.5,63.6,68.0,2150,1398,1365,33,752,65.0,2.4,63.5,67.9,2160,1388,1359,29,772,64.3,2.1,62.9,67.2,2171,1390,1360,29,782,64.0,2.1,62.7,66.9,2183,1391,1354,38,792,63.7,2.7,62.0,65.9,2199,1410,1370,39,789,64.1,2.8,62.3,66.2,2222,1411,1375,36,811,63.5,2.6,61.9,65.9,2243,1432,1395,36,811,63.8,2.5,62.2,66.7,2260,1448,1403,45,812,64.1,3.1,62.1,66.6,2280,1485,1441,43,795,65.1,2.9,63.2,68.2,2298,1478,1433,45,820,64.3,3.0,62.4,67.6,2313,1490,1443,47,823,64.4,3.2,62.4,67.5,2316,1488,1447,41,828,64.2,2.8,62.5,67.9,2316,1488,1427,61,828,64.2,4.1,61.6,66.9,2318,1488,1430,58,830,64.2,3.9,61.7,67.4,2321,1478,1418,60,842,63.7,4.0,61.1,66.4,2312,1457,1410,47,855,63.0,3.2,61.0,65.7,2325,1499,1462,37,826,64.5,2.5,62.9,68.2,2303,1501,1462,39,802,65.2,2.6,63.5,68.4,2284,1500,1462,38,784,65.7,2.5,64.0,68.9,2283,1519,1479,40,765,66.5,2.6,64.8,70.0
"Gyeongsangnam-do",2843,1836,1809,27,1006,64.6,1.5,63.6,70.1,2843,1849,1823,26,994,65.0,1.4,64.1,70.9,2845,1862,1837,25,983,65.5,1.3,64.6,71.4,2846,1867,1843,24,980,65.6,1.3,64.8,71.9,2848,1863,1794,69,985,65.4,3.7,63.0,71.2,2850,1848,1786,62,1002,64.9,3.4,62.7,70.3,2852,1845,1796,49,1007,64.7,2.6,63.0,70.4,2852,1869,1823,46,984,65.5,2.4,63.9,71.3,2854,1869,1819,50,984,65.5,2.7,63.8,70.8,2855,1883,1820,63,972,66.0,3.3,63.8,70.7,2856,1876,1818,59,980,65.7,3.1,63.6,70.7,2856,1852,1802,50,1004,64.8,2.7,63.1,70.2,2857,1834,1801,33,1022,64.2,1.8,63.1,70.4,2311,1411,1361,49,900,61.0,3.5,58.9,62.1,2329,1434,1387,47,895,61.6,3.3,59.5,63.1,2356,1448,1412,36,907,61.5,2.5,60.0,63.6,2384,1504,1466,38,880,63.1,2.5,61.5,65.6,2404,1529,1492,37,875,63.6,2.4,62.1,66.0,2426,1520,1480,40,906,62.6,2.6,61.0,65.0,2461,1533,1497,36,928,62.3,2.3,60.8,64.8,2494,1561,1523,38,933,62.6,2.4,61.1,64.9,2536,1592,1557,35,944,62.8,2.2,61.4,65.2,2578,1599,1550,49,979,62.0,3.1,60.1,64.1,2619,1609,1564,45,1011,61.4,2.8,59.7,64.0,2656,1649,1613,36,1007,62.1,2.2,60.7,65.2,2689,1649,1618,31,1040,61.3,1.8,60.2,64.7,2719,1676,1641,35,1043,61.6,2.1,60.3,65.2,2758,1702,1660,43,1055,61.7,2.5,60.2,65.5,2791,1736,1691,46,1055,62.2,2.6,60.6,66.0,2812,1763,1704,59,1049,62.7,3.3,60.6,65.9,2830,1775,1723,52,1055,62.7,2.9,60.9,66.4,2845,1801,1746,54,1044,63.3,3.0,61.4,66.9,2854,1817,1749,69,1037,63.7,3.8,61.3,67.0,2854,1802,1729,72,1052,63.1,4.0,60.6,65.5,2855,1805,1732,73,1049,63.2,4.1,60.7,65.4,2851,1800,1740,59,1051,63.1,3.3,61.1,66.4,2840,1805,1760,45,1035,63.6,2.5,62.0,68.2,2830,1799,1758,41,1032,63.6,2.3,62.1,68.0,2840,1835,1799,36,1006,64.6,2.0,63.3,69.9
"Jeju-do",577,408,403,5,169,70.7,1.3,69.8,74.3,576,408,402,6,168,70.8,1.5,69.8,74.3,576,416,409,8,160,72.2,1.8,70.9,75.6,577,418,413,6,158,72.5,1.3,71.6,76.5,577,420,397,22,157,72.8,5.3,68.9,76.3,577,422,404,18,155,73.1,4.2,70.0,76.2,577,423,412,11,154,73.2,2.5,71.4,76.1,577,420,414,6,157,72.8,1.5,71.7,76.2,577,420,414,6,157,72.7,1.4,71.7,75.8,577,422,416,6,155,73.2,1.4,72.1,76.3,577,421,414,7,156,73.0,1.6,71.8,76.1,577,419,415,4,158,72.6,0.9,72.0,76.4,577,418,415,3,159,72.4,0.8,71.9,76.5,394,268,261,7,126,68.0,2.7,66.1,69.0,398,272,265,7,126,68.2,2.5,66.5,69.8,402,279,273,6,123,69.4,2.2,67.8,71.4,406,287,282,5,118,70.8,1.9,69.5,72.6,409,288,281,7,122,70.3,2.4,68.6,71.8,413,292,284,7,121,70.6,2.5,68.9,72.0,418,295,289,6,123,70.6,2.1,69.1,72.4,421,293,287,6,128,69.7,2.1,68.2,71.8,425,294,289,5,131,69.2,1.8,68.0,71.8,430,293,289,5,137,68.2,1.6,67.1,70.6,436,289,284,5,147,66.3,1.8,65.2,69.0,445,299,294,5,146,67.1,1.7,66.0,70.6,454,307,303,5,147,67.7,1.5,66.7,71.2,465,315,309,6,150,67.7,1.8,66.4,70.7,479,329,322,7,150,68.7,2.0,67.3,71.8,495,346,339,7,149,69.8,1.9,68.5,72.9,512,363,355,8,150,70.8,2.2,69.3,73.8,528,382,374,7,146,72.3,1.9,70.9,76.0,544,379,372,7,164,69.8,2.0,68.4,73.7,558,390,382,8,168,69.9,2.1,68.4,72.5,563,388,378,10,176,68.8,2.5,67.1,70.7,568,395,383,12,173,69.6,3.1,67.4,71.6,574,410,402,9,164,71.4,2.1,69.9,74.5,579,409,401,8,171,70.6,1.9,69.2,74.6,578,410,400,10,168,71.0,2.3,69.3,74.7,577,412,403,9,165,71.4,2.2,69.8,74.8
