"By administrative divisions",2026.05 p),2026.05 p),2026.05 p),2026.05 p),2026.05 p),2026.05 p),2026.05 p),2026.05 p),2026.05 p),2026.05 p),2026.05 p),2026.06 p),2026.06 p),2026.06 p),2026.06 p),2026.06 p),2026.06 p),2026.06 p),2026.06 p),2026.06 p),2026.06 p),2026.06 p),2026.07 p),2026.07 p),2026.07 p),2026.07 p),2026.07 p),2026.07 p),2026.07 p),2026.07 p),2026.07 p),2026.07 p),2026.07 p),2000,2000,2000,2000,2000,2000,2000,2000,2000,2000,2000,2000,2000,2000,2000,2001,2001,2001,2001,2001,2001,2001,2001,2001,2001,2001,2001,2001,2001,2001,2002,2002,2002,2002,2002,2002,2002,2002,2002,2002,2002,2002,2002,2002,2002,2003,2003,2003,2003,2003,2003,2003,2003,2003,2003,2003,2003,2003,2003,2003,2004,2004,2004,2004,2004,2004,2004,2004,2004,2004,2004,2004,2004,2004,2004,2005,2005,2005,2005,2005,2005,2005,2005,2005,2005,2005,2005,2005,2005,2005,2006,2006,2006,2006,2006,2006,2006,2006,2006,2006,2006,2006,2006,2006,2006,2007,2007,2007,2007,2007,2007,2007,2007,2007,2007,2007,2007,2007,2007,2007,2008,2008,2008,2008,2008,2008,2008,2008,2008,2008,2008,2008,2008,2008,2008,2009,2009,2009,2009,2009,2009,2009,2009,2009,2009,2009,2009,2009,2009,2009,2010,2010,2010,2010,2010,2010,2010,2010,2010,2010,2010,2010,2010,2010,2010,2011,2011,2011,2011,2011,2011,2011,2011,2011,2011,2011,2011,2011,2011,2011,2012,2012,2012,2012,2012,2012,2012,2012,2012,2012,2012,2012,2012,2012,2012,2013,2013,2013,2013,2013,2013,2013,2013,2013,2013,2013,2013,2013,2013,2013,2014,2014,2014,2014,2014,2014,2014,2014,2014,2014,2014,2014,2014,2014,2014,2015,2015,2015,2015,2015,2015,2015,2015,2015,2015,2015,2015,2015,2015,2015,2016,2016,2016,2016,2016,2016,2016,2016,2016,2016,2016,2016,2016,2016,2016,2017,2017,2017,2017,2017,2017,2017,2017,2017,2017,2017,2017,2017,2017,2017,2018,2018,2018,2018,2018,2018,2018,2018,2018,2018,2018,2018,2018,2018,2018,2019,2019,2019,2019,2019,2019,2019,2019,2019,2019,2019,2019,2019,2019,2019,2020,2020,2020,2020,2020,2020,2020,2020,2020,2020,2020,2020,2020,2020,2020,2021,2021,2021,2021,2021,2021,2021,2021,2021,2021,2021,2021,2021,2021,2021,2022,2022,2022,2022,2022,2022,2022,2022,2022,2022,2022,2022,2022,2022,2022,2023,2023,2023,2023,2023,2023,2023,2023,2023,2023,2023,2023,2023,2023,2023,2024,2024,2024,2024,2024,2024,2024,2024,2024,2024,2024,2024,2024,2024,2024,2025,2025,2025,2025,2025,2025,2025,2025,2025,2025,2025,2025,2025,2025,2025
"By administrative divisions",Live births(persons),Crude Birth Rate(per 1000 population),Deaths(persons),Crude Dearh Rate(per 1000 population),Natural increase(persons),Natural increase rate(per 1000 population),Marriages(cases),Crude Marrige Rate(per 1000 population),Divorces(cases),Crude Divorce Rate(per 1000 population),Total Fertility Rate(persons),Live births(persons),Crude Birth Rate(per 1000 population),Deaths(persons),Crude Dearh Rate(per 1000 population),Natural increase(persons),Natural increase rate(per 1000 population),Marriages(cases),Crude Marrige Rate(per 1000 population),Divorces(cases),Crude Divorce Rate(per 1000 population),Total Fertility Rate(persons),Live births(persons),Crude Birth Rate(per 1000 population),Deaths(persons),Crude Dearh Rate(per 1000 population),Natural increase(persons),Natural increase rate(per 1000 population),Marriages(cases),Crude Marrige Rate(per 1000 population),Divorces(cases),Crude Divorce Rate(per 1000 population),Total Fertility Rate(persons),Live births(persons),Crude Birth Rate(per 1000 population),Deaths(persons),Crude Dearh Rate(per 1000 population),Natural increase(persons),Natural increase rate(per 1000 population),Marriages(cases),Crude Marrige Rate(per 1000 population),Divorces(cases),Crude Divorce Rate(per 1000 population),Total Fertility Rate(persons),General Marriage Rates(Husband),General Marriage Rates(Wife),General Divorces Rates(Husband),General Divorces Rates(Wife),Live births(persons),Crude Birth Rate(per 1000 population),Deaths(persons),Crude Dearh Rate(per 1000 population),Natural increase(persons),Natural increase rate(per 1000 population),Marriages(cases),Crude Marrige Rate(per 1000 population),Divorces(cases),Crude Divorce Rate(per 1000 population),Total Fertility Rate(persons),General Marriage Rates(Husband),General Marriage Rates(Wife),General Divorces Rates(Husband),General Divorces Rates(Wife),Live births(persons),Crude Birth Rate(per 1000 population),Deaths(persons),Crude Dearh Rate(per 1000 population),Natural increase(persons),Natural increase rate(per 1000 population),Marriages(cases),Crude Marrige Rate(per 1000 population),Divorces(cases),Crude Divorce Rate(per 1000 population),Total Fertility Rate(persons),General Marriage Rates(Husband),General Marriage Rates(Wife),General Divorces Rates(Husband),General Divorces Rates(Wife),Live births(persons),Crude Birth Rate(per 1000 population),Deaths(persons),Crude Dearh Rate(per 1000 population),Natural increase(persons),Natural increase rate(per 1000 population),Marriages(cases),Crude Marrige Rate(per 1000 population),Divorces(cases),Crude Divorce Rate(per 1000 population),Total Fertility Rate(persons),General Marriage Rates(Husband),General Marriage Rates(Wife),General Divorces Rates(Husband),General Divorces Rates(Wife),Live births(persons),Crude Birth Rate(per 1000 population),Deaths(persons),Crude Dearh Rate(per 1000 population),Natural increase(persons),Natural increase rate(per 1000 population),Marriages(cases),Crude Marrige Rate(per 1000 population),Divorces(cases),Crude Divorce Rate(per 1000 population),Total Fertility Rate(persons),General Marriage Rates(Husband),General Marriage Rates(Wife),General Divorces Rates(Husband),General Divorces Rates(Wife),Live births(persons),Crude Birth Rate(per 1000 population),Deaths(persons),Crude Dearh Rate(per 1000 population),Natural increase(persons),Natural increase rate(per 1000 population),Marriages(cases),Crude Marrige Rate(per 1000 population),Divorces(cases),Crude Divorce Rate(per 1000 population),Total Fertility Rate(persons),General Marriage Rates(Husband),General Marriage Rates(Wife),General Divorces Rates(Husband),General Divorces Rates(Wife),Live births(persons),Crude Birth Rate(per 1000 population),Deaths(persons),Crude Dearh Rate(per 1000 population),Natural increase(persons),Natural increase rate(per 1000 population),Marriages(cases),Crude Marrige Rate(per 1000 population),Divorces(cases),Crude Divorce Rate(per 1000 population),Total Fertility Rate(persons),General Marriage Rates(Husband),General Marriage Rates(Wife),General Divorces Rates(Husband),General Divorces Rates(Wife),Live births(persons),Crude Birth Rate(per 1000 population),Deaths(persons),Crude Dearh Rate(per 1000 population),Natural increase(persons),Natural increase rate(per 1000 population),Marriages(cases),Crude Marrige Rate(per 1000 population),Divorces(cases),Crude Divorce Rate(per 1000 population),Total Fertility Rate(persons),General Marriage Rates(Husband),General Marriage Rates(Wife),General Divorces Rates(Husband),General Divorces Rates(Wife),Live births(persons),Crude Birth Rate(per 1000 population),Deaths(persons),Crude Dearh Rate(per 1000 population),Natural increase(persons),Natural increase rate(per 1000 population),Marriages(cases),Crude Marrige Rate(per 1000 population),Divorces(cases),Crude Divorce Rate(per 1000 population),Total Fertility Rate(persons),General Marriage Rates(Husband),General Marriage Rates(Wife),General Divorces Rates(Husband),General Divorces Rates(Wife),Live births(persons),Crude Birth Rate(per 1000 population),Deaths(persons),Crude Dearh Rate(per 1000 population),Natural increase(persons),Natural increase rate(per 1000 population),Marriages(cases),Crude Marrige Rate(per 1000 population),Divorces(cases),Crude Divorce Rate(per 1000 population),Total Fertility Rate(persons),General Marriage Rates(Husband),General Marriage Rates(Wife),General Divorces Rates(Husband),General Divorces Rates(Wife),Live births(persons),Crude Birth Rate(per 1000 population),Deaths(persons),Crude Dearh Rate(per 1000 population),Natural increase(persons),Natural increase rate(per 1000 population),Marriages(cases),Crude Marrige Rate(per 1000 population),Divorces(cases),Crude Divorce Rate(per 1000 population),Total Fertility Rate(persons),General Marriage Rates(Husband),General Marriage Rates(Wife),General Divorces Rates(Husband),General Divorces Rates(Wife),Live births(persons),Crude Birth Rate(per 1000 population),Deaths(persons),Crude Dearh Rate(per 1000 population),Natural increase(persons),Natural increase rate(per 1000 population),Marriages(cases),Crude Marrige Rate(per 1000 population),Divorces(cases),Crude Divorce Rate(per 1000 population),Total Fertility Rate(persons),General Marriage Rates(Husband),General Marriage Rates(Wife),General Divorces Rates(Husband),General Divorces Rates(Wife),Live births(persons),Crude Birth Rate(per 1000 population),Deaths(persons),Crude Dearh Rate(per 1000 population),Natural increase(persons),Natural increase rate(per 1000 population),Marriages(cases),Crude Marrige Rate(per 1000 population),Divorces(cases),Crude Divorce Rate(per 1000 population),Total Fertility Rate(persons),General Marriage Rates(Husband),General Marriage Rates(Wife),General Divorces Rates(Husband),General Divorces Rates(Wife),Live births(persons),Crude Birth Rate(per 1000 population),Deaths(persons),Crude Dearh Rate(per 1000 population),Natural increase(persons),Natural increase rate(per 1000 population),Marriages(cases),Crude Marrige Rate(per 1000 population),Divorces(cases),Crude Divorce Rate(per 1000 population),Total Fertility Rate(persons),General Marriage Rates(Husband),General Marriage Rates(Wife),General Divorces Rates(Husband),General Divorces Rates(Wife),Live births(persons),Crude Birth Rate(per 1000 population),Deaths(persons),Crude Dearh Rate(per 1000 population),Natural increase(persons),Natural increase rate(per 1000 population),Marriages(cases),Crude Marrige Rate(per 1000 population),Divorces(cases),Crude Divorce Rate(per 1000 population),Total Fertility Rate(persons),General Marriage Rates(Husband),General Marriage Rates(Wife),General Divorces Rates(Husband),General Divorces Rates(Wife),Live births(persons),Crude Birth Rate(per 1000 population),Deaths(persons),Crude Dearh Rate(per 1000 population),Natural increase(persons),Natural increase rate(per 1000 population),Marriages(cases),Crude Marrige Rate(per 1000 population),Divorces(cases),Crude Divorce Rate(per 1000 population),Total Fertility Rate(persons),General Marriage Rates(Husband),General Marriage Rates(Wife),General Divorces Rates(Husband),General Divorces Rates(Wife),Live births(persons),Crude Birth Rate(per 1000 population),Deaths(persons),Crude Dearh Rate(per 1000 population),Natural increase(persons),Natural increase rate(per 1000 population),Marriages(cases),Crude Marrige Rate(per 1000 population),Divorces(cases),Crude Divorce Rate(per 1000 population),Total Fertility Rate(persons),General Marriage Rates(Husband),General Marriage Rates(Wife),General Divorces Rates(Husband),General Divorces Rates(Wife),Live births(persons),Crude Birth Rate(per 1000 population),Deaths(persons),Crude Dearh Rate(per 1000 population),Natural increase(persons),Natural increase rate(per 1000 population),Marriages(cases),Crude Marrige Rate(per 1000 population),Divorces(cases),Crude Divorce Rate(per 1000 population),Total Fertility Rate(persons),General Marriage Rates(Husband),General Marriage Rates(Wife),General Divorces Rates(Husband),General Divorces Rates(Wife),Live births(persons),Crude Birth Rate(per 1000 population),Deaths(persons),Crude Dearh Rate(per 1000 population),Natural increase(persons),Natural increase rate(per 1000 population),Marriages(cases),Crude Marrige Rate(per 1000 population),Divorces(cases),Crude Divorce Rate(per 1000 population),Total Fertility Rate(persons),General Marriage Rates(Husband),General Marriage Rates(Wife),General Divorces Rates(Husband),General Divorces Rates(Wife),Live births(persons),Crude Birth Rate(per 1000 population),Deaths(persons),Crude Dearh Rate(per 1000 population),Natural increase(persons),Natural increase rate(per 1000 population),Marriages(cases),Crude Marrige Rate(per 1000 population),Divorces(cases),Crude Divorce Rate(per 1000 population),Total Fertility Rate(persons),General Marriage Rates(Husband),General Marriage Rates(Wife),General Divorces Rates(Husband),General Divorces Rates(Wife),Live births(persons),Crude Birth Rate(per 1000 population),Deaths(persons),Crude Dearh Rate(per 1000 population),Natural increase(persons),Natural increase rate(per 1000 population),Marriages(cases),Crude Marrige Rate(per 1000 population),Divorces(cases),Crude Divorce Rate(per 1000 population),Total Fertility Rate(persons),General Marriage Rates(Husband),General Marriage Rates(Wife),General Divorces Rates(Husband),General Divorces Rates(Wife),Live births(persons),Crude Birth Rate(per 1000 population),Deaths(persons),Crude Dearh Rate(per 1000 population),Natural increase(persons),Natural increase rate(per 1000 population),Marriages(cases),Crude Marrige Rate(per 1000 population),Divorces(cases),Crude Divorce Rate(per 1000 population),Total Fertility Rate(persons),General Marriage Rates(Husband),General Marriage Rates(Wife),General Divorces Rates(Husband),General Divorces Rates(Wife),Live births(persons),Crude Birth Rate(per 1000 population),Deaths(persons),Crude Dearh Rate(per 1000 population),Natural increase(persons),Natural increase rate(per 1000 population),Marriages(cases),Crude Marrige Rate(per 1000 population),Divorces(cases),Crude Divorce Rate(per 1000 population),Total Fertility Rate(persons),General Marriage Rates(Husband),General Marriage Rates(Wife),General Divorces Rates(Husband),General Divorces Rates(Wife),Live births(persons),Crude Birth Rate(per 1000 population),Deaths(persons),Crude Dearh Rate(per 1000 population),Natural increase(persons),Natural increase rate(per 1000 population),Marriages(cases),Crude Marrige Rate(per 1000 population),Divorces(cases),Crude Divorce Rate(per 1000 population),Total Fertility Rate(persons),General Marriage Rates(Husband),General Marriage Rates(Wife),General Divorces Rates(Husband),General Divorces Rates(Wife),Live births(persons),Crude Birth Rate(per 1000 population),Deaths(persons),Crude Dearh Rate(per 1000 population),Natural increase(persons),Natural increase rate(per 1000 population),Marriages(cases),Crude Marrige Rate(per 1000 population),Divorces(cases),Crude Divorce Rate(per 1000 population),Total Fertility Rate(persons),General Marriage Rates(Husband),General Marriage Rates(Wife),General Divorces Rates(Husband),General Divorces Rates(Wife),Live births(persons),Crude Birth Rate(per 1000 population),Deaths(persons),Crude Dearh Rate(per 1000 population),Natural increase(persons),Natural increase rate(per 1000 population),Marriages(cases),Crude Marrige Rate(per 1000 population),Divorces(cases),Crude Divorce Rate(per 1000 population),Total Fertility Rate(persons),General Marriage Rates(Husband),General Marriage Rates(Wife),General Divorces Rates(Husband),General Divorces Rates(Wife)
"Whole country",23160,5.4,29573,6.8,-6413,-1.5,20368,4.7,7122,1.6,0.85,23111,5.5,27794,6.6,-4683,-1.1,21075,5.0,7688,1.8,0.88,24275,5.6,28921,6.7,-4647,-1.1,22282,5.2,7764,1.8,0.89,640089,13.5,248740,5.2,391349,8.2,332090,7.0,119455,2.5,1.48,17.8,17.5,6.4,6.3,559934,11.7,243813,5.1,316121,6.6,318407,6.7,134608,2.8,1.31,16.9,16.6,7.2,7.0,496911,10.3,247524,5.1,249387,5.2,304877,6.3,144910,3.0,1.18,16.1,15.8,7.6,7.5,495036,10.2,246463,5.1,248573,5.1,302503,6.3,166617,3.4,1.19,15.8,15.5,8.7,8.5,476958,9.8,246220,5.1,230738,4.8,308598,6.4,138932,2.9,1.16,16.0,15.7,7.2,7.1,438707,9.0,245874,5.1,192833,4.0,314304,6.5,128035,2.6,1.09,16.1,15.8,6.6,6.5,451759,9.2,244162,5.0,207597,4.2,330634,6.8,124524,2.5,1.13,16.8,16.5,6.3,6.2,496822,10.1,246482,5.0,250340,5.1,343559,7.0,124072,2.5,1.26,17.2,16.9,6.2,6.1,465892,9.4,246113,5.0,219779,4.4,327715,6.6,116535,2.4,1.19,16.2,16.0,5.8,5.7,444849,9.0,246942,5.0,197907,4.0,309759,6.2,123999,2.5,1.15,15.1,14.9,6.0,6.0,470171,9.4,255405,5.1,214766,4.3,326104,6.5,116858,2.3,1.23,15.7,15.5,5.6,5.6,471265,9.4,257396,5.1,213869,4.3,329087,6.6,114284,2.3,1.24,15.7,15.5,5.4,5.4,484550,9.6,267221,5.3,217329,4.3,327073,6.5,114316,2.3,1.30,15.4,15.2,5.4,5.3,436455,8.6,266257,5.3,170198,3.4,322807,6.4,115292,2.3,1.19,15.1,14.9,5.4,5.3,435435,8.6,267692,5.3,167743,3.3,305507,6.0,115510,2.3,1.21,14.2,14.0,5.4,5.3,438420,8.6,275895,5.4,162525,3.2,302828,5.9,109153,2.1,1.24,13.9,13.7,5.0,5.0,406243,7.9,280827,5.5,125416,2.5,281635,5.5,107328,2.1,1.17,12.8,12.7,4.9,4.8,357771,7.0,285534,5.6,72237,1.4,264455,5.2,106032,2.1,1.05,12.0,11.8,4.8,4.7,326822,6.4,298820,5.8,28002,0.5,257622,5.0,108684,2.1,0.98,11.6,11.5,4.9,4.8,302676,5.9,295110,5.7,7566,0.1,239159,4.7,110831,2.2,0.92,10.8,10.6,5.0,4.9,272337,5.3,304948,5.9,-32611,-0.6,213502,4.2,106500,2.1,0.84,9.6,9.4,4.8,4.7,260562,5.1,317680,6.2,-57118,-1.1,192507,3.8,101673,2.0,0.81,8.6,8.5,4.5,4.5,249186,4.9,372939,7.3,-123753,-2.4,191690,3.7,93232,1.8,0.78,8.5,8.4,4.2,4.1,230028,4.5,352511,6.9,-122483,-2.4,193657,3.8,92394,1.8,0.72,8.6,8.5,4.1,4.0,238317,4.7,358569,7.0,-120252,-2.4,222412,4.4,91151,1.8,0.75,9.9,9.7,4.0,4.0,254341,5.0,362968,7.1,-108627,-2.1,240326,4.7,88130,1.7,0.80,10.6,10.5,3.9,3.8
"Seoul",4227,5.4,4405,5.6,-178,-0.2,4470,5.7,1051,1.3,-,4350,5.7,4148,5.5,202,0.3,4444,5.9,1010,1.3,-,4443,5.7,4120,5.3,323,0.4,4929,6.3,1105,1.4,-,133154,12.9,39296,3.8,93858,9.1,78745,7.7,25477,2.5,1.28,19.0,18.4,6.2,6.3,114764,11.2,38455,3.7,76309,7.4,77376,7.5,28962,2.8,1.11,18.6,17.6,7.0,7.1,102008,10.0,38925,3.8,63083,6.2,72696,7.1,29351,2.9,1.01,17.5,16.7,7.1,7.2,101227,9.9,38068,3.7,63159,6.2,72750,7.1,32499,3.2,1.01,17.5,16.2,7.8,7.9,99828,9.8,38274,3.8,61554,6.1,71553,7.0,26994,2.7,1.02,17.2,15.8,6.5,6.5,90468,8.9,38751,3.8,51717,5.1,71286,7.0,25300,2.5,0.93,17.1,15.7,6.1,6.1,93922,9.2,38519,3.8,55403,5.4,73924,7.3,24354,2.4,0.98,17.7,16.4,5.8,5.8,101249,9.9,39016,3.8,62233,6.1,76399,7.5,24615,2.4,1.07,18.1,17.1,5.8,5.9,94736,9.3,38298,3.8,56438,5.5,71753,7.0,23319,2.3,1.01,16.9,15.6,5.5,5.4,89594,8.8,38790,3.8,50804,5.0,68841,6.7,23920,2.3,0.96,16.1,15.3,5.6,5.5,93266,9.2,40130,3.9,53136,5.2,70466,6.9,21768,2.1,1.02,16.5,15.7,5.1,5.0,91526,9.0,40320,4.0,51206,5.1,71519,7.1,20617,2.0,1.01,16.7,16.1,4.8,4.6,93914,9.3,41514,4.1,52400,5.2,71695,7.1,20177,2.0,1.06,16.8,16.2,4.7,4.6,84066,8.4,42063,4.2,42003,4.2,68819,6.9,20126,2.0,0.97,16.1,15.7,4.7,4.6,83711,8.4,42153,4.2,41558,4.2,64823,6.5,19477,2.0,0.98,15.2,14.8,4.6,4.4,83005,8.4,43053,4.3,39952,4.0,64193,6.5,18176,1.8,1.00,15.1,14.7,4.3,4.2,75536,7.7,43540,4.4,31996,3.3,57643,5.9,17777,1.8,0.94,13.7,13.4,4.2,4.1,65389,6.7,42932,4.4,22457,2.3,53776,5.5,17083,1.8,0.84,12.9,12.4,4.1,3.9,58074,6.0,45219,4.7,12855,1.3,52005,5.4,16940,1.8,0.76,12.5,12.0,4.1,4.0,53673,5.6,43829,4.6,9844,1.0,48261,5.0,16972,1.8,0.72,11.7,11.0,4.1,3.9,47445,5.0,45522,4.8,1923,0.2,44746,4.7,16282,1.7,0.64,10.9,10.4,3.9,3.8,45531,4.8,48798,5.2,-3267,-0.3,37012,3.9,14967,1.6,0.63,9.0,8.7,3.7,3.5,42602,4.5,55296,5.9,-12694,-1.4,35752,3.8,13174,1.4,0.59,8.8,8.5,3.2,3.1,39456,4.2,51446,5.5,-11990,-1.3,36324,3.9,12397,1.3,0.55,8.9,8.5,3.1,2.9,41605,4.5,52725,5.7,-11120,-1.2,42471,4.6,12154,1.3,0.58,10.5,10.0,3.0,2.8,45516,4.9,52535,5.7,-7019,-0.8,49374,5.3,11685,1.3,0.63,12.2,11.6,2.9,2.7
"Jeonnam-Gwangju",1375,5.1,2261,8.4,-886,-3.3,1083,4.0,434,1.6,-,1303,5.0,2151,8.3,-848,-3.3,1169,4.5,521,2.0,-,1320,4.9,2264,8.5,-945,-3.5,1205,4.5,527,2.0,-,-,-,-,-,-,-,-,-,-,-,-,-,-,-,-,-,-,-,-,-,-,-,-,-,-,-,-,-,-,-,-,-,-,-,-,-,-,-,-,-,-,-,-,-,-,-,-,-,-,-,-,-,-,-,-,-,-,-,-,-,-,-,-,-,-,-,-,-,-,-,-,-,-,-,-,-,-,-,-,-,-,-,-,-,-,-,-,-,-,-,-,-,-,-,-,-,-,-,-,-,-,-,-,-,-,-,-,-,-,-,-,-,-,-,-,-,-,-,-,-,-,-,-,-,-,-,-,-,-,-,-,-,-,-,-,-,-,-,-,-,-,-,-,-,-,-,-,-,-,-,-,-,-,-,-,-,-,-,-,-,-,-,-,-,-,-,-,-,-,-,-,-,-,-,-,-,-,-,-,-,-,-,-,-,-,-,-,-,-,-,-,-,-,-,-,-,-,-,-,-,-,-,-,-,-,-,-,-,-,-,-,-,-,-,-,-,-,-,-,-,-,-,-,-,-,-,-,-,-,-,-,-,-,-,-,-,-,-,-,-,-,-,-,-,-,-,-,-,-,-,-,-,-,-,-,-,-,-,-,-,-,-,-,-,-,-,-,-,-,-,-,-,-,-,-,-,-,-,-,-,-,-,-,-,-,-,-,-,-,-,-,-,-,-,-,-,-,-,-,-,-,-,-,-,-,-,-,-,-,-,-,-,-,-,-,-,-,-,-,-,-,-,-,-,-,-,-,-,-,-,-,-,-,-,-,-,-,-,-,-,-,-,-,-,-,-,-,-,-,-,-,-,-,-,-,-,-,-,-,-,-,-,-,-,-,-,-,-,-,-,-,-,-,-,-,15214,4.8,29064,9.2,-13850,-4.4,13290,4.2,5519,1.7,0.92,9.4,8.8,3.9,3.6
"Gwangju",565,4.8,686,5.8,-121,-1.0,507,4.3,192,1.6,-,548,4.8,712,6.3,-164,-1.4,534,4.7,187,1.6,-,445,3.8,695,5.9,-251,-2.1,580,4.9,240,2.0,-,21148,15.5,5866,4.3,15282,11.2,9557,7.0,3052,2.2,1.64,18.6,18.4,6.0,6.1,18198,13.2,5751,4.2,12447,9.0,8765,6.4,3534,2.6,1.42,16.9,16.5,6.8,7.0,16036,11.5,5899,4.2,10137,7.3,8230,5.9,3732,2.7,1.26,15.7,15.8,7.1,7.2,15954,11.4,5952,4.3,10002,7.2,7760,5.6,4336,3.1,1.28,14.7,14.6,8.2,8.3,14729,10.5,6042,4.3,8687,6.2,8012,5.7,3558,2.5,1.20,15.1,14.8,6.7,6.7,13327,9.5,5939,4.2,7388,5.3,7827,5.6,3127,2.2,1.11,14.7,14.4,5.9,6.0,13679,9.7,5772,4.1,7907,5.6,8487,6.0,2974,2.1,1.15,15.7,15.2,5.5,5.5,14810,10.5,6107,4.3,8703,6.2,8858,6.3,2925,2.1,1.26,16.2,15.7,5.4,5.5,13890,9.8,6132,4.3,7758,5.5,8472,6.0,2836,2.0,1.20,15.3,14.8,5.1,5.1,13101,9.2,6179,4.3,6922,4.8,8088,5.7,3076,2.2,1.14,14.4,14.1,5.5,5.5,13979,9.7,6532,4.5,7447,5.2,8566,6.0,3002,2.1,1.22,15.0,14.5,5.2,5.3,13916,9.6,6593,4.5,7323,5.1,8946,6.2,2857,2.0,1.23,15.4,14.8,4.9,5.0,14392,9.9,6874,4.7,7518,5.2,8596,5.9,2923,2.0,1.30,14.6,14.1,5.0,5.0,12729,8.7,6891,4.7,5838,4.0,8820,6.0,2924,2.0,1.17,14.8,14.5,4.9,5.0,12729,8.7,6935,4.7,5794,4.0,8213,5.6,3051,2.1,1.20,13.7,13.3,5.1,5.1,12441,8.5,7443,5.1,4998,3.4,7945,5.4,2842,1.9,1.21,13.1,13.0,4.7,4.8,11580,7.9,7247,5.0,4333,3.0,7468,5.1,2817,1.9,1.17,12.3,12.0,4.6,4.8,10120,6.9,7560,5.2,2560,1.8,7141,4.9,2694,1.8,1.05,11.7,11.4,4.4,4.6,9105,6.3,7781,5.4,1324,0.9,6632,4.6,2887,2.0,0.97,10.9,10.7,4.7,4.9,8364,5.8,7635,5.3,729,0.5,6297,4.3,2915,2.0,0.91,10.3,9.7,4.8,4.8,7318,5.1,7785,5.4,-467,-0.3,5560,3.8,2604,1.8,0.81,9.1,8.8,4.3,4.4,7956,5.5,7981,5.5,-25,0.0,4901,3.4,2572,1.8,0.90,8.0,8.0,4.2,4.4,7446,5.2,9350,6.5,-1904,-1.3,4902,3.4,2360,1.6,0.84,8.0,7.9,3.9,4.0,6172,4.3,8866,6.2,-2694,-1.9,5169,3.6,2399,1.7,0.71,8.5,8.1,3.9,4.1,6034,4.3,9136,6.5,-3102,-2.2,5688,4.0,2258,1.6,0.70,9.3,8.9,3.7,3.8,6495,4.7,9180,6.6,-2685,-1.9,5983,4.3,2150,1.5,0.76,9.9,9.3,3.5,3.6
"Jeollanam-do",810,5.4,1576,10.5,-766,-5.1,576,3.8,242,1.6,-,755,5.2,1439,9.9,-684,-4.7,635,4.4,334,2.3,-,875,5.8,1569,10.4,-694,-4.6,625,4.2,287,1.9,-,26046,12.2,18250,8.5,7796,3.6,12069,5.6,4467,2.1,1.75,14.1,14.4,5.2,4.6,22588,10.7,17907,8.5,4681,2.2,10772,5.1,4793,2.3,1.57,12.8,13.2,5.7,5.0,19242,9.3,17552,8.5,1690,0.8,10039,4.8,5296,2.6,1.39,12.1,12.1,6.4,5.6,18333,9.0,17419,8.6,914,0.4,9858,4.8,6078,3.0,1.39,12.1,11.6,7.5,6.7,17256,8.6,17141,8.6,115,0.1,9675,4.8,4915,2.5,1.36,12.0,11.2,6.1,5.4,15818,8.0,16329,8.3,-511,-0.3,9984,5.1,4394,2.2,1.29,12.5,11.0,5.5,4.7,15905,8.1,16253,8.3,-348,-0.2,10507,5.4,4423,2.3,1.34,13.2,11.4,5.6,4.6,17844,9.2,16030,8.3,1814,0.9,10854,5.6,4240,2.2,1.54,13.7,12.0,5.3,4.3,16363,8.5,16018,8.3,345,0.2,10480,5.4,4021,2.1,1.45,13.2,11.3,5.1,4.0,15995,8.3,15734,8.2,261,0.1,10051,5.2,4290,2.2,1.45,12.6,10.6,5.4,4.3,16654,8.7,16042,8.4,612,0.3,10461,5.5,4326,2.3,1.54,13.1,10.9,5.4,4.2,16612,8.7,16090,8.5,522,0.3,10266,5.4,4138,2.2,1.57,12.8,11.1,5.2,4.1,16990,9.0,16766,8.8,224,0.1,9827,5.2,4011,2.1,1.64,12.2,10.7,5.0,4.0,15401,8.1,16332,8.6,-931,-0.5,9995,5.3,4096,2.2,1.52,12.4,10.6,5.1,4.1,14817,7.8,16053,8.5,-1236,-0.7,9357,4.9,4135,2.2,1.50,11.5,10.3,5.1,4.1,15061,8.0,16543,8.7,-1482,-0.8,9275,4.9,4033,2.1,1.55,11.3,10.3,4.9,4.0,13980,7.4,16561,8.7,-2581,-1.4,8554,4.5,3965,2.1,1.47,10.4,9.5,4.8,4.0,12354,6.5,16848,8.9,-4494,-2.4,8049,4.3,4008,2.1,1.33,9.8,8.8,4.9,4.1,11238,6.0,17219,9.2,-5981,-3.2,7587,4.0,4170,2.2,1.24,9.2,8.2,5.1,4.3,10832,5.8,16787,9.0,-5955,-3.2,7413,4.0,4130,2.2,1.23,9.0,8.2,5.0,4.3,9738,5.3,17436,9.4,-7698,-4.2,6365,3.4,3907,2.1,1.15,7.8,7.0,4.8,4.1,8430,4.6,17568,9.6,-9138,-5.0,6201,3.4,3776,2.1,1.02,7.6,7.1,4.6,4.0,7888,4.3,20876,11.5,-12988,-7.1,6181,3.4,3565,2.0,0.97,7.6,7.1,4.4,3.8,7828,4.3,19786,11.0,-11958,-6.6,6157,3.4,3517,1.9,0.97,7.6,6.8,4.3,3.8,8225,4.6,20108,11.2,-11883,-6.6,7049,3.9,3473,1.9,1.03,8.7,8.0,4.3,3.8,8719,4.9,19884,11.2,-11165,-6.3,7307,4.1,3369,1.9,1.09,9.0,8.4,4.2,3.6
"Busan",1267,4.6,2145,7.8,-878,-3.2,1008,3.7,384,1.4,-,1276,4.8,2025,7.7,-749,-2.8,1131,4.3,387,1.5,-,1365,5.0,2262,8.3,-897,-3.3,1237,4.5,469,1.7,-,41222,10.8,18318,4.8,22904,6.0,23343,6.1,10129,2.7,1.24,15.3,16.7,6.7,6.6,35848,9.5,18422,4.9,17426,4.6,21825,5.8,10489,2.8,1.10,14.4,15.4,6.9,6.8,30767,8.2,18688,5.0,12079,3.2,20916,5.6,12065,3.2,0.98,13.8,14.7,8.0,7.8,30117,8.1,18528,5.0,11589,3.1,20027,5.4,14120,3.8,0.99,13.3,13.9,9.4,9.2,28231,7.7,18722,5.1,9509,2.6,19898,5.4,11334,3.1,0.95,13.3,13.8,7.6,7.4,25681,7.0,18854,5.2,6827,1.9,18973,5.2,9905,2.7,0.89,12.7,13.2,6.6,6.4,25881,7.1,18983,5.2,6898,1.9,20017,5.5,8953,2.5,0.92,13.4,14.0,6.0,5.7,28426,7.9,19170,5.3,9256,2.6,21484,6.0,8677,2.4,1.02,14.3,14.9,5.8,5.6,26670,7.5,19385,5.4,7285,2.0,20149,5.6,7908,2.2,0.98,13.4,13.8,5.3,5.0,25110,7.1,18954,5.3,6156,1.7,18614,5.2,8550,2.4,0.94,12.4,13.0,5.7,5.5,27415,7.8,19708,5.6,7707,2.2,20195,5.7,7645,2.2,1.05,13.4,13.9,5.1,5.0,27759,7.9,19643,5.6,8116,2.3,20224,5.8,7514,2.1,1.08,13.5,14.1,5.0,4.9,28673,8.2,20534,5.9,8139,2.3,20362,5.8,7501,2.1,1.14,13.5,14.0,5.0,4.8,25831,7.4,20096,5.8,5735,1.6,20734,5.9,7444,2.1,1.05,13.8,14.3,5.0,4.8,26190,7.5,20230,5.8,5960,1.7,18927,5.4,7345,2.1,1.09,12.6,13.0,4.9,4.7,26645,7.7,20820,6.0,5825,1.7,18553,5.3,6649,1.9,1.14,12.3,12.8,4.4,4.4,24906,7.2,21074,6.1,3832,1.1,17113,4.9,6859,2.0,1.10,11.4,11.6,4.6,4.5,21480,6.2,21434,6.2,46,0.0,15677,4.5,6651,1.9,0.98,10.5,10.6,4.5,4.3,19152,5.6,22570,6.6,-3418,-1.0,14781,4.3,6678,2.0,0.90,10.0,10.0,4.5,4.4,17049,5.0,22260,6.6,-5211,-1.5,13780,4.1,6787,2.0,0.83,9.4,9.1,4.6,4.5,15058,4.5,22950,6.8,-7892,-2.3,12128,3.6,6497,1.9,0.75,8.3,8.3,4.4,4.4,14446,4.3,23531,7.0,-9085,-2.7,11081,3.3,6248,1.9,0.73,7.6,7.6,4.3,4.2,14134,4.3,27713,8.4,-13579,-4.1,10618,3.2,5523,1.7,0.72,7.4,7.2,3.8,3.7,12866,3.9,26303,8.0,-13437,-4.1,10303,3.1,5452,1.7,0.66,7.2,6.9,3.8,3.7,13063,4.0,26816,8.2,-13753,-4.2,11499,3.5,5185,1.6,0.68,8.1,7.7,3.6,3.5,14010,4.3,27137,8.4,-13127,-4.1,12802,4.0,5053,1.6,0.74,9.0,8.6,3.6,3.4
"Daegu",958,4.8,1427,7.2,-468,-2.4,816,4.1,285,1.4,-,944,4.9,1307,6.8,-363,-1.9,879,4.6,332,1.7,-,997,5.0,1345,6.8,-348,-1.8,841,4.2,308,1.5,-,32477,12.9,11491,4.6,20986,8.3,16124,6.4,5370,2.1,1.38,16.5,16.7,5.5,5.6,28111,11.1,11411,4.5,16700,6.6,14833,5.9,6248,2.5,1.22,15.1,15.5,6.4,6.3,24260,9.6,11451,4.5,12809,5.1,13741,5.4,7329,2.9,1.08,13.9,14.4,7.4,7.4,24513,9.7,11671,4.6,12842,5.1,14028,5.5,8581,3.4,1.12,14.1,14.2,8.6,8.5,23259,9.2,11848,4.7,11411,4.5,13792,5.5,6635,2.6,1.09,13.8,13.7,6.7,6.6,20804,8.3,11507,4.6,9297,3.7,13152,5.2,5916,2.3,1.00,13.1,13.1,5.9,5.9,20360,8.1,11359,4.5,9001,3.6,13892,5.5,5490,2.2,1.01,13.8,13.8,5.5,5.4,22295,8.9,11282,4.5,11013,4.4,14655,5.9,5330,2.1,1.14,14.5,14.6,5.3,5.2,20562,8.2,11605,4.7,8957,3.6,13743,5.5,5005,2.0,1.07,13.5,13.7,4.9,4.8,19399,7.8,11741,4.7,7658,3.1,12844,5.2,5361,2.2,1.03,12.5,12.7,5.2,5.1,20557,8.3,12054,4.8,8503,3.4,13479,5.4,5107,2.1,1.11,13.1,13.2,5.0,4.9,20758,8.3,12355,5.0,8403,3.4,13813,5.6,4658,1.9,1.15,13.3,13.5,4.5,4.4,21472,8.6,12352,5.0,9120,3.7,13642,5.5,4947,2.0,1.22,13.1,13.3,4.7,4.7,19340,7.8,12531,5.0,6809,2.7,13601,5.5,4796,1.9,1.13,13.0,13.2,4.6,4.6,19361,7.8,12642,5.1,6719,2.7,12552,5.1,4794,1.9,1.17,11.9,12.0,4.6,4.5,19438,7.9,13081,5.3,6357,2.6,12545,5.1,4497,1.8,1.22,11.9,12.1,4.3,4.4,18298,7.4,13502,5.5,4796,1.9,12216,5.0,4383,1.8,1.19,11.6,11.5,4.2,4.2,15946,6.5,13629,5.5,2317,0.9,11392,4.6,4380,1.8,1.07,10.8,10.6,4.1,4.2,14400,5.9,14070,5.7,330,0.1,10967,4.5,4530,1.8,0.99,10.4,10.2,4.3,4.4,13233,5.4,13752,5.7,-519,-0.2,9880,4.1,4655,1.9,0.93,9.4,9.1,4.4,4.4,11193,4.6,14460,6.0,-3267,-1.4,8340,3.5,4345,1.8,0.81,8.0,7.9,4.2,4.2,10661,4.5,14560,6.1,-3899,-1.6,7287,3.1,4111,1.7,0.79,7.1,7.0,4.0,4.0,10134,4.3,17592,7.4,-7458,-3.2,7497,3.2,3675,1.6,0.76,7.3,7.1,3.6,3.7,9410,4.0,16556,7.0,-7146,-3.0,8150,3.4,3931,1.7,0.70,7.9,7.6,3.8,3.9,10103,4.3,16775,7.1,-6672,-2.8,9289,3.9,3816,1.6,0.75,9.0,8.6,3.7,3.7,10819,4.6,17279,7.4,-6460,-2.7,9416,4.0,3549,1.5,0.81,9.2,8.6,3.5,3.4
"Incheon",1523,5.9,1591,6.2,-68,-0.3,1218,4.7,535,2.1,-,1481,5.9,1475,5.9,7,0.0,1238,4.9,559,2.2,-,1640,6.3,1603,6.2,37,0.1,1332,5.1,477,1.8,-,34433,13.6,10751,4.3,23682,9.4,17857,7.1,7905,3.1,1.47,18.4,17.7,8.2,8.3,30494,11.9,10607,4.2,19887,7.8,17066,6.7,9378,3.7,1.32,17.3,16.6,9.5,9.7,26775,10.4,10757,4.2,16018,6.2,16851,6.6,9840,3.8,1.19,16.8,16.4,9.8,10.1,26832,10.4,10924,4.2,15908,6.2,15720,6.1,11512,4.5,1.21,15.6,14.9,11.4,11.7,25092,9.7,11042,4.3,14050,5.5,15900,6.2,9546,3.7,1.16,15.6,14.8,9.4,9.5,23026,8.9,11144,4.3,11882,4.6,16515,6.4,8646,3.3,1.08,16.0,14.9,8.4,8.5,23711,9.1,11068,4.2,12643,4.8,17261,6.6,8132,3.1,1.12,16.4,15.6,7.7,7.9,26712,10.1,11376,4.3,15336,5.8,18227,6.9,7854,3.0,1.26,17.0,16.3,7.3,7.4,25365,9.5,11366,4.2,13999,5.2,18108,6.8,7414,2.8,1.19,16.5,15.6,6.8,6.7,24379,9.0,11662,4.3,12717,4.7,16643,6.2,7880,2.9,1.14,14.9,14.3,7.1,7.0,25752,9.5,12087,4.4,13665,5.0,17407,6.4,7354,2.7,1.21,15.3,14.5,6.5,6.4,26118,9.5,12504,4.5,13614,5.0,18013,6.6,6840,2.5,1.23,15.6,15.1,5.9,5.9,27781,9.9,12881,4.6,14900,5.3,18079,6.5,7306,2.6,1.30,15.3,14.8,6.2,6.2,25560,9.0,13039,4.6,12521,4.4,18010,6.4,7253,2.6,1.20,15.0,14.5,6.0,6.1,25786,9.0,13409,4.7,12377,4.3,17251,6.0,7417,2.6,1.21,14.1,13.8,6.1,6.1,25491,8.8,13452,4.7,12039,4.2,17118,5.9,7116,2.5,1.22,13.9,13.5,5.8,5.8,23609,8.1,14119,4.9,9490,3.3,16092,5.5,7097,2.4,1.14,12.9,12.6,5.7,5.7,20445,7.0,14290,4.9,6155,2.1,15235,5.2,6988,2.4,1.01,12.1,11.8,5.6,5.6,20087,6.9,15316,5.2,4771,1.6,14850,5.1,7011,2.4,1.01,11.7,11.5,5.5,5.6,18522,6.3,15131,5.2,3391,1.2,13401,4.6,7176,2.5,0.94,10.5,10.2,5.6,5.7,16040,5.5,15689,5.4,351,0.1,11574,4.0,6931,2.4,0.83,9.1,9.2,5.4,5.5,14947,5.1,16493,5.6,-1546,-0.5,10881,3.7,6740,2.3,0.78,8.5,8.5,5.3,5.4,14464,4.9,18957,6.4,-4493,-1.5,10849,3.7,6045,2.1,0.75,8.4,8.2,4.7,4.7,13659,4.6,18242,6.1,-4583,-1.5,11621,3.9,6243,2.1,0.69,8.9,8.5,4.8,4.8,15236,5.1,18827,6.3,-3591,-1.2,13223,4.4,5948,2.0,0.76,10.0,9.6,4.5,4.5,16581,5.5,19134,6.3,-2553,-0.8,13991,4.6,5902,2.0,0.82,10.5,10.0,4.4,4.4
"Daejeon",671,5.5,763,6.2,-92,-0.8,644,5.3,201,1.6,-,703,6.0,730,6.2,-26,-0.2,720,6.1,210,1.8,-,777,6.4,708,5.8,70,0.6,781,6.4,232,1.9,-,19570,14.2,5800,4.2,13770,10.0,9664,7.0,3653,2.7,1.50,18.4,17.9,7.0,7.1,17290,12.4,5741,4.1,11549,8.3,9505,6.8,4058,2.9,1.33,17.8,17.2,7.6,7.7,15631,11.1,5779,4.1,9852,7.0,9131,6.5,4336,3.1,1.21,16.8,16.5,8.0,8.1,15712,11.0,5858,4.1,9854,6.9,8973,6.3,4923,3.5,1.22,16.2,15.4,8.9,9.0,15024,10.4,5951,4.1,9073,6.3,8857,6.2,3942,2.7,1.18,15.8,15.0,7.0,7.1,13950,9.6,5779,4.0,8171,5.6,9035,6.2,3328,2.3,1.11,15.9,14.9,5.8,5.9,14489,9.9,5952,4.1,8537,5.8,9502,6.5,3287,2.3,1.16,16.4,15.7,5.7,5.7,15780,10.7,5991,4.1,9789,6.7,9684,6.6,3449,2.3,1.27,16.5,16.0,5.9,5.8,14856,10.0,6105,4.1,8751,5.9,9499,6.4,3236,2.2,1.22,16.0,15.4,5.5,5.5,13915,9.4,5949,4.0,7966,5.4,8885,6.0,3433,2.3,1.16,14.8,14.3,5.7,5.7,14314,9.6,6313,4.2,8001,5.4,9351,6.3,3189,2.1,1.21,15.4,15.0,5.3,5.3,14808,9.9,6336,4.2,8472,5.7,9726,6.5,3067,2.0,1.26,15.8,15.8,5.0,5.0,15279,10.1,6580,4.4,8699,5.8,9745,6.5,2938,1.9,1.32,15.6,15.6,4.7,4.7,14099,9.3,6634,4.4,7465,4.9,9621,6.3,3003,2.0,1.23,15.2,15.0,4.8,4.8,13962,9.2,6564,4.3,7398,4.9,9118,6.0,3221,2.1,1.25,14.3,14.2,5.1,5.2,13774,9.1,6961,4.6,6813,4.5,8805,5.8,2999,2.0,1.28,13.8,13.9,4.7,4.9,12436,8.3,6958,4.6,5478,3.6,8325,5.5,2890,1.9,1.19,13.1,13.0,4.5,4.6,10851,7.2,7029,4.7,3822,2.6,7697,5.1,2855,1.9,1.08,12.1,12.0,4.5,4.5,9337,6.3,7403,5.0,1934,1.3,7377,5.0,3008,2.0,0.95,11.6,11.5,4.7,4.8,8410,5.7,7502,5.1,908,0.6,6602,4.5,3097,2.1,0.88,10.4,10.3,4.9,4.9,7481,5.1,7572,5.2,-91,-0.1,5976,4.1,3009,2.1,0.81,9.5,9.4,4.8,4.9,7414,5.1,7889,5.4,-475,-0.3,5419,3.7,2754,1.9,0.81,8.6,8.7,4.4,4.6,7677,5.3,9302,6.4,-1625,-1.1,5662,3.9,2492,1.7,0.84,9.0,8.9,4.0,4.2,7194,5.0,8677,6.0,-1483,-1.0,5212,3.6,2471,1.7,0.79,8.3,8.3,3.9,4.0,7266,5.1,8842,6.2,-1576,-1.1,7986,5.6,2423,1.7,0.79,12.6,12.6,3.8,4.0,7673,5.3,9184,6.4,-1511,-1.1,8735,6.1,2402,1.7,0.83,13.8,13.6,3.8,3.8
"Ulsan",545,5.9,542,5.9,2,0.0,407,4.4,139,1.5,-,517,5.8,455,5.1,62,0.7,436,4.9,136,1.5,-,543,5.9,523,5.7,20,0.2,454,4.9,179,1.9,-,15816,15.3,3892,3.8,11924,11.6,6890,6.7,2620,2.5,1.63,17.7,15.5,6.7,6.7,13600,13.0,3927,3.7,9673,9.2,6730,6.4,2983,2.8,1.42,16.9,15.0,7.5,7.5,11666,11.0,3959,3.7,7707,7.3,6512,6.1,3348,3.2,1.24,16.0,14.5,8.2,8.3,11720,11.0,4159,3.9,7561,7.1,6528,6.1,3942,3.7,1.28,15.8,14.2,9.5,9.8,11151,10.4,3969,3.7,7182,6.7,6647,6.2,3024,2.8,1.24,15.8,14.4,7.2,7.4,10469,9.7,4108,3.8,6361,5.9,6939,6.4,2780,2.6,1.19,16.2,14.6,6.5,6.6,10740,9.9,4104,3.8,6636,6.1,7493,6.9,2825,2.6,1.24,17.2,15.4,6.5,6.6,11955,10.9,4131,3.8,7824,7.1,7563,6.9,2581,2.4,1.40,17.0,15.6,5.8,5.9,11365,10.3,4172,3.8,7193,6.5,7837,7.1,2295,2.1,1.34,17.3,16.1,5.1,5.1,11033,9.9,4318,3.9,6715,6.0,7267,6.5,2591,2.3,1.31,15.7,14.5,5.6,5.6,11432,10.2,4328,3.9,7104,6.4,7660,6.9,2597,2.3,1.37,16.4,15.0,5.5,5.5,11542,10.3,4462,4.0,7080,6.3,7768,6.9,2380,2.1,1.39,16.4,15.1,5.0,5.1,12160,10.7,4567,4.0,7593,6.7,7887,7.0,2590,2.3,1.48,16.3,15.0,5.4,5.4,11330,9.9,4871,4.3,6459,5.6,7998,7.0,2578,2.3,1.39,16.2,15.0,5.2,5.3,11556,10.0,4695,4.1,6861,5.9,7674,6.6,2731,2.4,1.44,15.3,14.4,5.5,5.6,11732,10.1,4915,4.2,6817,5.9,7483,6.4,2406,2.1,1.49,14.8,13.9,4.7,4.8,10910,9.4,4947,4.2,5963,5.1,7006,6.0,2520,2.2,1.42,13.7,13.1,4.9,5.0,9381,8.1,4886,4.2,4495,3.9,6331,5.4,2519,2.2,1.26,12.4,11.7,4.9,5.0,8149,7.1,5349,4.6,2800,2.4,5894,5.1,2658,2.3,1.13,11.6,11.1,5.2,5.2,7539,6.6,5268,4.6,2271,2.0,5442,4.7,2534,2.2,1.08,10.8,10.2,5.0,5.1,6617,5.8,5302,4.7,1315,1.2,4737,4.2,2460,2.2,0.98,9.4,9.2,4.9,5.0,6127,5.5,5493,4.9,634,0.6,4077,3.6,2425,2.2,0.94,8.2,8.2,4.9,4.9,5399,4.9,6369,5.7,-970,-0.9,4013,3.6,2165,1.9,0.85,8.1,8.0,4.4,4.4,5082,4.6,6076,5.5,-994,-0.9,4274,3.9,2060,1.9,0.81,8.6,8.4,4.2,4.2,5282,4.8,6343,5.8,-1061,-1.0,4726,4.3,1977,1.8,0.86,9.5,9.2,4.0,4.1,5574,5.1,6427,5.9,-853,-0.8,5168,4.7,1924,1.8,0.92,10.4,10.0,3.9,4.1
"Sejong",286,8.6,144,4.3,142,4.3,141,4.3,53,1.6,-,268,8.3,143,4.5,125,3.9,147,4.6,37,1.2,-,278,8.4,121,3.7,157,4.7,188,5.7,44,1.3,-,-,-,-,-,-,-,-,-,-,-,-,-,-,-,-,-,-,-,-,-,-,-,-,-,-,-,-,-,-,-,-,-,-,-,-,-,-,-,-,-,-,-,-,-,-,-,-,-,-,-,-,-,-,-,-,-,-,-,-,-,-,-,-,-,-,-,-,-,-,-,-,-,-,-,-,-,-,-,-,-,-,-,-,-,-,-,-,-,-,-,-,-,-,-,-,-,-,-,-,-,-,-,-,-,-,-,-,-,-,-,-,-,-,-,-,-,-,-,-,-,-,-,-,-,-,-,-,-,-,-,-,-,-,-,-,-,-,-,-,-,-,-,-,-,-,-,-,-,-,-,-,-,-,-,-,-,-,-,-,-,-,-,-,-,-,-,-,-,-,-,-,-,-,-,-,-,-,-,-,-,1054,10.2,820,7.9,234,2.3,634,6.1,223,2.2,1.60,14.2,-,5.0,-,1111,9.5,812,7.0,299,2.6,743,6.4,240,2.1,1.44,15.0,12.3,4.8,4.1,1344,9.7,853,6.2,491,3.6,920,6.7,280,2.0,1.35,15.9,12.3,4.9,4.1,2708,14.8,979,5.4,1729,9.5,1498,8.2,324,1.8,1.89,20.3,16.0,4.4,4.0,3297,14.6,1065,4.7,2232,9.9,1612,7.1,343,1.5,1.82,18.0,14.5,3.8,4.2,3504,13.4,1159,4.4,2345,9.0,1728,6.6,465,1.8,1.67,16.8,13.9,4.5,4.3,3703,12.5,1259,4.3,2444,8.3,2038,6.9,485,1.6,1.57,17.5,15.3,4.2,4.4,3819,11.7,1221,3.7,2598,8.0,2039,6.2,606,1.9,1.47,15.9,13.9,4.7,5.0,3468,10.0,1317,3.8,2151,6.2,1854,5.3,601,1.7,1.28,13.5,12.1,4.4,4.5,3570,9.8,1354,3.7,2216,6.1,1627,4.5,624,1.7,1.28,11.3,10.2,4.3,4.2,3209,8.5,1678,4.5,1531,4.1,1664,4.4,546,1.4,1.12,11.0,9.9,3.6,3.7,2761,7.2,1595,4.2,1166,3.0,1705,4.4,569,1.5,0.97,11.0,9.7,3.7,3.6,2895,7.5,1646,4.2,1249,3.2,1842,4.8,560,1.4,1.03,11.7,10.7,3.6,3.6,2954,7.6,1636,4.2,1318,3.4,2003,5.1,538,1.4,1.06,12.6,11.3,3.4,3.3
"Gyeonggi-do",7075,6.1,6475,5.6,601,0.5,5763,5.0,1868,1.6,-,6915,6.1,6072,5.4,843,0.7,5940,5.3,2142,1.9,-,7205,6.2,6284,5.4,921,0.8,6266,5.4,2027,1.7,-,141704,15.6,38992,4.3,102712,11.3,69160,7.6,24888,2.7,1.63,20.1,18.3,7.2,7.3,126264,13.5,39163,4.2,87101,9.3,68516,7.3,28823,3.1,1.44,19.2,17.4,8.1,8.1,116854,12.0,40628,4.2,76226,7.8,68330,7.0,31288,3.2,1.31,18.3,16.3,8.4,8.5,120433,12.0,41214,4.1,79219,7.9,68255,6.8,36625,3.6,1.32,17.6,15.5,9.4,9.5,117812,11.4,42266,4.1,75546,7.3,70236,6.8,31608,3.1,1.28,17.5,15.4,7.9,8.0,109533,10.4,42991,4.1,66542,6.3,72431,6.8,30358,2.9,1.18,17.5,15.3,7.3,7.4,115111,10.7,43195,4.0,71916,6.7,77231,7.1,30003,2.8,1.24,18.1,15.9,7.0,7.0,126648,11.5,43865,4.0,82783,7.5,81248,7.4,29964,2.7,1.36,18.5,16.3,6.8,6.8,119397,10.7,44168,3.9,75229,6.7,78004,7.0,28379,2.5,1.29,17.3,15.4,6.3,6.2,113692,10.0,45132,4.0,68560,6.0,73403,6.5,29807,2.6,1.23,15.9,14.3,6.5,6.4,121753,10.5,47687,4.1,74066,6.4,78471,6.8,27810,2.4,1.31,16.6,14.9,5.9,5.8,122027,10.4,48394,4.1,73633,6.3,79137,6.7,28444,2.4,1.31,16.3,15.0,5.9,5.7,124746,10.5,50830,4.3,73916,6.2,79449,6.7,28452,2.4,1.36,16.1,15.1,5.8,5.7,112129,9.3,50959,4.2,61170,5.1,77649,6.4,28733,2.4,1.23,15.4,14.6,5.7,5.6,112169,9.2,51425,4.2,60744,5.0,74306,6.1,28892,2.4,1.24,14.5,13.9,5.6,5.5,113495,9.2,53005,4.3,60490,4.9,73950,6.0,27688,2.2,1.27,14.2,13.6,5.3,5.2,105643,8.4,55215,4.4,50428,4.0,70052,5.6,26723,2.1,1.19,13.2,12.6,5.0,5.0,94088,7.4,56852,4.5,37236,2.9,66429,5.2,26924,2.1,1.07,12.3,11.9,5.0,4.9,88175,6.9,60050,4.7,28125,2.2,66877,5.2,27884,2.2,1.00,12.1,11.6,5.1,5.0,83198,6.4,60568,4.6,22630,1.7,62356,4.8,28453,2.2,0.94,11.1,10.5,5.1,5.1,77737,5.9,62794,4.7,14943,1.1,57814,4.4,27983,2.1,0.88,10.1,9.7,4.9,4.9,76139,5.7,67399,5.0,8740,0.7,54658,4.1,27256,2.0,0.85,9.4,9.1,4.7,4.7,75323,5.6,79010,5.9,-3687,-0.3,54178,4.0,24864,1.8,0.84,9.2,8.8,4.2,4.2,68817,5.1,74949,5.5,-6132,-0.5,54221,4.0,24833,1.8,0.77,9.1,8.6,4.2,4.2,71285,5.2,76479,5.6,-5194,-0.4,62629,4.6,24734,1.8,0.79,10.4,9.8,4.1,4.1,76309,5.6,77976,5.7,-1667,-0.1,68088,5.0,24382,1.8,0.84,11.3,10.6,4.0,4.0
"Gangwon-do",603,4.7,1171,9.2,-568,-4.5,523,4.1,216,1.7,-,611,4.9,1113,9.0,-503,-4.1,550,4.5,247,2.0,-,614,4.8,1102,8.6,-488,-3.8,566,4.4,258,2.0,-,19482,12.5,10984,7.1,8498,5.5,9898,6.4,3941,2.5,1.60,15.9,16.0,6.3,6.1,16873,10.9,10790,6.9,6083,3.9,9162,5.9,4488,2.9,1.41,14.7,14.5,7.2,6.9,15314,9.9,10911,7.1,4403,2.8,8378,5.4,4632,3.0,1.32,13.5,13.4,7.5,7.1,14349,9.4,10890,7.1,3459,2.3,8413,5.5,5152,3.4,1.28,13.6,12.8,8.3,7.9,13776,9.0,10651,7.0,3125,2.1,8235,5.4,4322,2.8,1.26,13.3,12.6,7.0,6.6,12657,8.3,10573,7.0,2084,1.4,8496,5.6,4105,2.7,1.19,13.7,12.5,6.6,6.1,12455,8.3,10490,7.0,1965,1.3,8731,5.8,3985,2.6,1.20,14.1,13.0,6.4,6.0,13690,9.1,10401,6.9,3289,2.2,8930,5.9,3818,2.5,1.36,14.4,13.2,6.2,5.6,12373,8.2,10506,7.0,1867,1.2,8517,5.7,3394,2.3,1.25,13.6,12.5,5.4,4.9,12112,8.0,10415,6.9,1697,1.1,8081,5.3,3742,2.5,1.25,12.8,11.7,5.9,5.2,12477,8.2,10729,7.1,1748,1.2,8365,5.5,3579,2.4,1.31,13.1,11.9,5.6,5.0,12408,8.2,10521,6.9,1887,1.2,8338,5.5,3562,2.3,1.34,12.9,11.8,5.5,5.0,12426,8.2,11030,7.2,1396,0.9,8225,5.4,3550,2.3,1.37,12.6,11.4,5.5,4.9,10980,7.2,10756,7.0,224,0.1,7946,5.2,3725,2.4,1.25,12.1,11.0,5.7,5.2,10662,7.0,11004,7.2,-342,-0.2,7785,5.1,3630,2.4,1.25,11.7,10.6,5.5,5.1,10929,7.1,11301,7.4,-372,-0.2,7876,5.1,3484,2.3,1.31,11.8,10.9,5.2,4.8,10058,6.5,11437,7.4,-1379,-0.9,7468,4.9,3482,2.3,1.24,11.1,10.0,5.2,4.7,8958,5.8,11545,7.5,-2587,-1.7,7295,4.7,3263,2.1,1.12,10.8,9.7,4.8,4.5,8351,5.4,11976,7.8,-3625,-2.4,6994,4.6,3418,2.2,1.07,10.3,9.3,5.0,4.6,8283,5.4,11906,7.8,-3623,-2.4,6762,4.4,3624,2.4,1.08,10.0,8.7,5.3,4.8,7835,5.1,12182,8.0,-4347,-2.8,5868,3.8,3358,2.2,1.04,8.6,7.8,4.9,4.6,7357,4.8,12749,8.3,-5392,-3.5,5622,3.7,3161,2.1,0.98,8.2,7.5,4.6,4.3,7278,4.8,15086,9.9,-7808,-5.1,5572,3.6,3117,2.0,0.97,8.1,7.3,4.5,4.3,6688,4.4,14224,9.3,-7536,-4.9,5494,3.6,2961,1.9,0.89,8.0,7.1,4.3,4.0,6592,4.3,14413,9.5,-7821,-5.2,6143,4.0,3016,2.0,0.89,9.0,8.0,4.4,4.0,6677,4.4,14550,9.6,-7873,-5.2,6292,4.2,2783,1.8,0.91,9.2,8.2,4.1,3.7
"Chungcheongbuk-do",700,5.2,1053,7.8,-353,-2.6,567,4.2,229,1.7,-,723,5.5,1012,7.7,-289,-2.2,627,4.8,291,2.2,-,772,5.7,1116,8.2,-344,-2.5,700,5.2,249,1.8,-,19628,13.1,10360,6.9,9268,6.2,9586,6.4,3348,2.2,1.58,16.3,16.6,5.7,5.4,17322,11.6,9731,6.5,7591,5.1,9325,6.2,3928,2.6,1.43,15.8,15.8,6.7,6.4,15329,10.3,10043,6.7,5286,3.5,8684,5.8,4259,2.8,1.29,14.7,14.7,7.2,6.9,14650,9.8,9912,6.6,4738,3.2,8423,5.6,4632,3.1,1.27,14.2,13.7,7.8,7.5,14331,9.6,9605,6.4,4726,3.2,8534,5.7,3839,2.6,1.27,14.4,13.9,6.5,6.3,13164,8.8,9727,6.5,3437,2.3,8390,5.6,3469,2.3,1.20,14.0,13.5,5.8,5.5,13366,9.0,9555,6.4,3811,2.6,9291,6.2,3438,2.3,1.23,15.4,14.5,5.7,5.3,15002,10.0,9690,6.5,5312,3.5,9834,6.6,3558,2.4,1.40,16.1,15.1,5.8,5.5,14064,9.3,9717,6.4,4347,2.9,9512,6.3,3354,2.2,1.32,15.3,14.3,5.4,5.0,13903,9.1,9985,6.6,3918,2.6,8666,5.7,3738,2.5,1.32,13.7,13.0,5.9,5.5,14670,9.6,9825,6.4,4845,3.2,9171,6.0,3554,2.3,1.40,14.3,13.4,5.6,5.2,14804,9.6,10176,6.6,4628,3.0,9542,6.2,3675,2.4,1.43,14.7,13.8,5.7,5.3,15139,9.8,10478,6.8,4661,3.0,9275,6.0,3424,2.2,1.49,14.1,13.3,5.2,4.8,13658,8.8,10371,6.7,3287,2.1,9307,6.0,3732,2.4,1.37,14.0,13.2,5.6,5.2,13366,8.5,10174,6.5,3192,2.0,8774,5.6,3671,2.3,1.36,13.1,12.6,5.5,5.3,13563,8.6,10638,6.8,2925,1.9,8872,5.6,3486,2.2,1.41,13.1,12.3,5.1,5.0,12742,8.1,10787,6.8,1955,1.2,8334,5.3,3446,2.2,1.36,12.2,11.5,5.0,4.9,11394,7.2,11104,7.0,290,0.2,7990,5.0,3461,2.2,1.24,11.6,11.1,5.0,4.8,10586,6.7,11334,7.1,-748,-0.5,7827,4.9,3543,2.2,1.17,11.3,10.5,5.1,4.7,9333,5.9,11363,7.1,-2030,-1.3,7239,4.6,3699,2.3,1.05,10.3,9.7,5.3,5.1,8607,5.4,11594,7.3,-2987,-1.9,6682,4.2,3492,2.2,0.98,9.5,8.9,5.0,4.9,8190,5.1,11941,7.5,-3751,-2.4,5882,3.7,3256,2.0,0.95,8.3,7.8,4.6,4.6,7452,4.7,14108,8.9,-6656,-4.2,6185,3.9,3271,2.1,0.87,8.7,8.0,4.6,4.4,7580,4.8,13463,8.5,-5883,-3.7,6212,3.9,3255,2.0,0.89,8.7,8.0,4.5,4.5,7540,4.7,13489,8.5,-5949,-3.7,6784,4.3,3253,2.0,0.88,9.4,9.0,4.5,4.4,8229,5.2,13837,8.7,-5608,-3.5,7310,4.6,3080,1.9,0.96,10.1,9.5,4.3,4.2
"Chungcheongnam-do",875,4.8,1586,8.8,-711,-3.9,738,4.1,377,2.1,-,951,5.4,1501,8.6,-550,-3.1,766,4.4,363,2.1,-,1015,5.6,1573,8.7,-558,-3.1,824,4.5,417,2.3,-,24733,12.9,14954,7.8,9779,5.1,12097,6.3,4272,2.2,1.70,15.8,15.6,5.6,5.2,21962,11.4,14252,7.4,7710,4.0,11113,5.8,4685,2.4,1.53,14.5,14.3,6.1,5.7,19059,10.0,14670,7.7,4389,2.3,10421,5.4,5074,2.7,1.36,13.6,13.1,6.6,6.2,18627,9.8,14306,7.5,4321,2.3,10551,5.5,5720,3.0,1.36,13.8,12.6,7.5,7.1,18640,9.6,14087,7.3,4553,2.4,11418,5.9,5148,2.7,1.36,14.7,13.0,6.6,6.2,17521,8.9,14018,7.2,3503,1.8,12107,6.2,4594,2.3,1.27,15.3,13.1,5.8,5.5,18625,9.5,13617,6.9,5008,2.5,13373,6.8,4647,2.4,1.36,16.6,14.1,5.8,5.4,20630,10.4,13953,7.0,6677,3.4,13766,6.9,4703,2.4,1.51,16.9,14.4,5.8,5.2,19749,9.8,13592,6.8,6157,3.1,13354,6.7,4472,2.2,1.44,16.1,13.7,5.4,4.8,19257,9.5,13555,6.7,5702,2.8,12708,6.3,5178,2.6,1.41,15.0,12.7,6.1,5.5,20242,9.9,14014,6.8,6228,3.0,13185,6.4,4756,2.3,1.48,15.3,13.2,5.5,4.9,20398,9.8,14025,6.8,6373,3.1,13216,6.4,4819,2.3,1.50,15.1,13.0,5.5,4.9,20448,10.2,13994,7.0,6454,3.2,12849,6.4,4685,2.3,1.57,14.8,12.7,5.4,4.9,18628,9.2,13854,6.8,4774,2.4,12482,6.2,4820,2.4,1.44,14.5,12.7,5.6,5.0,18200,8.9,14149,6.9,4051,2.0,12040,5.9,4915,2.4,1.42,13.8,12.1,5.6,5.0,18604,9.0,14469,7.0,4135,2.0,12331,6.0,4724,2.3,1.48,13.9,12.4,5.3,4.8,17302,8.3,14600,7.0,2702,1.3,11792,5.7,4682,2.3,1.40,13.1,11.6,5.2,4.8,15670,7.5,15321,7.3,349,0.2,10961,5.2,4835,2.3,1.28,12.0,10.7,5.3,5.0,14380,6.8,15802,7.5,-1422,-0.7,10970,5.2,4842,2.3,1.19,11.9,10.4,5.3,5.0,13228,6.3,15596,7.4,-2368,-1.1,9826,4.7,5202,2.5,1.11,10.6,9.3,5.6,5.2,11950,5.7,16022,7.6,-4072,-1.9,8493,4.0,5003,2.4,1.03,9.1,8.3,5.4,5.0,10984,5.2,16326,7.7,-5342,-2.5,8016,3.8,4798,2.3,0.96,8.5,7.8,5.1,4.7,10221,4.8,19719,9.3,-9498,-4.5,8017,3.8,4527,2.1,0.91,8.5,7.8,4.8,4.4,9436,4.5,18781,8.9,-9345,-4.4,8264,3.9,4429,2.1,0.84,8.6,7.8,4.6,4.4,9855,4.6,18811,8.8,-8956,-4.2,9176,4.3,4638,2.2,0.88,9.5,8.6,4.8,4.5,10242,4.8,18802,8.8,-8560,-4.0,9379,4.4,4356,2.0,0.92,9.6,8.9,4.5,4.3
"Jeollabuk-do",669,4.6,1385,9.5,-716,-4.9,539,3.7,281,1.9,-,639,4.5,1338,9.5,-699,-5.0,552,3.9,267,1.9,-,659,4.5,1303,9.0,-645,-4.4,545,3.7,284,2.0,-,25173,12.6,14502,7.2,10671,5.3,11362,5.7,4200,2.1,1.60,14.4,15.2,5.3,5.0,22192,11.1,13889,6.9,8303,4.1,10281,5.1,4550,2.3,1.43,13.1,13.6,5.8,5.5,19215,9.7,14048,7.1,5167,2.6,10687,5.4,5179,2.6,1.28,13.7,14.0,6.6,6.3,18437,9.4,13959,7.1,4478,2.3,10246,5.2,6295,3.2,1.27,13.3,13.3,8.2,7.7,17257,8.9,13574,7.0,3683,1.9,10111,5.2,5086,2.6,1.24,13.2,12.9,6.6,6.2,15745,8.3,13456,7.1,2289,1.2,10196,5.4,4471,2.4,1.18,13.4,12.7,5.9,5.5,15571,8.3,13347,7.1,2224,1.2,10429,5.6,4448,2.4,1.21,13.8,12.9,5.9,5.3,17228,9.2,13380,7.2,3848,2.1,10864,5.8,4417,2.4,1.38,14.4,13.4,5.9,5.2,15878,8.5,13241,7.1,2637,1.4,10399,5.6,3784,2.0,1.31,13.7,12.5,5.0,4.3,15233,8.2,12921,7.0,2312,1.2,9605,5.2,4285,2.3,1.28,12.6,11.5,5.6,4.9,16100,8.7,13188,7.1,2912,1.6,10525,5.7,3910,2.1,1.37,13.7,12.6,5.1,4.4,16175,8.7,13126,7.1,3049,1.6,10353,5.6,4176,2.2,1.41,13.4,12.5,5.4,4.7,16238,8.7,13700,7.4,2538,1.4,10022,5.4,3856,2.1,1.44,12.8,11.8,4.9,4.3,14555,7.8,13492,7.3,1063,0.6,9823,5.3,4144,2.2,1.32,12.5,11.7,5.3,4.7,14231,7.7,13563,7.3,668,0.4,9211,5.0,4091,2.2,1.33,11.7,10.9,5.2,4.6,14087,7.6,13721,7.4,366,0.2,9060,4.9,3755,2.0,1.35,11.4,10.7,4.7,4.3,12698,6.8,14062,7.6,-1364,-0.7,8216,4.4,3979,2.1,1.25,10.3,9.6,5.0,4.5,11348,6.1,14295,7.7,-2947,-1.6,7817,4.2,3698,2.0,1.15,9.8,9.1,4.7,4.3,10001,5.5,14552,7.9,-4551,-2.5,7219,3.9,3934,2.1,1.04,9.1,8.5,5.0,4.5,8971,4.9,14525,8.0,-5554,-3.1,7005,3.9,4007,2.2,0.97,8.9,8.2,5.1,4.7,8165,4.5,14691,8.2,-6526,-3.6,6053,3.4,3763,2.1,0.91,7.7,7.3,4.8,4.4,7475,4.2,15049,8.4,-7574,-4.2,5325,3.0,3748,2.1,0.85,6.8,6.7,4.8,4.3,7032,4.0,17852,10.1,-10820,-6.1,5394,3.0,3377,1.9,0.82,6.9,6.4,4.3,4.0,6622,3.8,17201,9.8,-10579,-6.0,5483,3.1,3420,1.9,0.78,7.0,6.5,4.4,4.1,6780,3.9,17110,9.8,-10330,-5.9,6388,3.7,3453,2.0,0.81,8.2,7.4,4.5,4.1,7045,4.1,17368,10.1,-10323,-6.0,6348,3.7,3114,1.8,0.85,8.2,7.7,4.0,3.7
"Gyeongsangbuk-do",906,4.3,2014,9.5,-1109,-5.2,757,3.6,350,1.7,-,881,4.3,1875,9.2,-994,-4.9,816,4.0,362,1.8,-,972,4.6,2016,9.5,-1043,-4.9,795,3.8,399,1.9,-,35190,12.6,21980,7.8,13210,4.7,17061,6.1,5476,2.0,1.58,15.4,15.1,4.9,4.4,30500,10.9,21318,7.6,9182,3.3,15884,5.7,6248,2.2,1.40,14.3,14.1,5.6,5.1,26022,9.4,21525,7.8,4497,1.6,14600,5.3,6683,2.4,1.23,13.2,12.7,6.1,5.5,25447,9.3,21196,7.7,4251,1.6,14240,5.2,7768,2.8,1.25,13.0,12.3,7.1,6.5,23553,8.7,20684,7.6,2869,1.1,14000,5.2,6376,2.4,1.20,12.8,12.1,5.8,5.3,22339,8.3,20310,7.5,2029,0.8,14639,5.4,5828,2.2,1.17,13.4,11.9,5.3,4.9,22567,8.4,19943,7.4,2624,1.0,16178,6.0,5604,2.1,1.21,14.7,12.9,5.1,4.5,25062,9.3,19975,7.4,5087,1.9,16623,6.2,5571,2.1,1.37,15.0,13.2,5.0,4.5,23538,8.8,19654,7.3,3884,1.5,15634,5.8,5287,2.0,1.31,14.0,12.5,4.7,4.1,22373,8.4,19627,7.3,2746,1.0,14499,5.4,5523,2.1,1.27,12.9,11.9,4.9,4.3,23700,8.9,20249,7.6,3451,1.3,15592,5.8,5476,2.1,1.38,13.8,12.4,4.8,4.2,24250,9.1,20237,7.6,4013,1.5,15942,6.0,5322,2.0,1.43,14.0,12.8,4.7,4.1,24635,9.2,20644,7.7,3991,1.5,15383,5.7,5562,2.1,1.49,13.4,12.2,4.8,4.2,22206,8.3,20245,7.6,1961,0.7,15421,5.8,5410,2.0,1.38,13.3,12.3,4.7,4.1,22062,8.2,20304,7.6,1758,0.7,14183,5.3,5503,2.1,1.41,12.2,11.4,4.7,4.3,22310,8.3,20862,7.8,1448,0.5,14273,5.3,5348,2.0,1.46,12.2,11.4,4.6,4.2,20616,7.7,20978,7.8,-362,-0.1,13363,5.0,5375,2.0,1.40,11.4,10.6,4.6,4.1,17957,6.7,21278,7.9,-3321,-1.2,12190,4.6,5505,2.1,1.26,10.4,9.6,4.7,4.3,16079,6.0,22289,8.4,-6210,-2.3,11687,4.4,5620,2.1,1.17,10.0,9.1,4.8,4.3,14472,5.5,21703,8.2,-7231,-2.7,10637,4.0,5635,2.1,1.09,9.1,8.2,4.8,4.3,12873,4.9,22799,8.6,-9926,-3.8,9046,3.4,5553,2.1,1.00,7.7,7.1,4.7,4.3,12045,4.6,22928,8.8,-10883,-4.2,8163,3.1,5097,1.9,0.97,7.0,6.6,4.4,4.0,11311,4.3,27840,10.7,-16529,-6.3,8180,3.1,4911,1.9,0.93,7.0,6.5,4.2,3.8,10186,4.0,25283,9.9,-15097,-5.9,8128,3.2,4870,1.9,0.86,7.0,6.4,4.2,3.9,10333,4.1,25298,10.0,-14965,-5.9,9067,3.6,4669,1.8,0.90,7.9,7.3,4.1,3.8,10417,4.1,26126,10.4,-15709,-6.3,9160,3.6,4708,1.9,0.93,8.0,7.4,4.1,3.7
"Gyeongsangnam-do",1228,4.5,2208,8.2,-980,-3.6,1024,3.8,479,1.8,-,1251,4.8,2065,7.9,-813,-3.1,1022,3.9,557,2.1,-,1351,5.0,2204,8.1,-853,-3.2,1044,3.9,526,1.9,-,41680,13.5,20255,6.6,21425,6.9,19900,6.4,7242,2.3,1.59,16.7,15.9,6.1,5.7,36475,11.8,19479,6.3,16996,5.5,18849,6.1,7966,2.6,1.42,15.7,15.0,6.6,6.3,32203,10.3,19783,6.3,12420,4.0,17905,5.7,8737,2.8,1.27,14.8,14.0,7.2,6.8,32102,10.3,19537,6.2,12565,4.0,17558,5.6,10314,3.3,1.29,14.4,13.4,8.4,7.9,30922,9.8,19481,6.2,11441,3.6,18375,5.8,8547,2.7,1.27,14.9,13.6,6.9,6.6,28471,9.0,19420,6.2,9051,2.9,18664,5.9,7844,2.5,1.19,15.0,13.4,6.3,5.9,29524,9.3,18982,6.0,10542,3.3,20789,6.6,7603,2.4,1.25,16.5,14.3,6.0,5.6,33313,10.5,19184,6.0,14129,4.4,21555,6.8,7493,2.4,1.43,16.8,14.7,5.8,5.5,31493,9.8,19341,6.0,12152,3.8,20497,6.4,6981,2.2,1.37,15.7,13.8,5.4,4.9,30320,9.4,19157,5.9,11163,3.4,19494,6.0,7476,2.3,1.32,14.7,12.8,5.6,5.1,32203,9.9,19502,6.0,12701,3.9,21170,6.5,7503,2.3,1.41,15.7,13.7,5.6,5.2,32536,9.9,19593,6.0,12943,4.0,20769,6.3,7207,2.2,1.45,15.2,13.4,5.3,4.8,33211,10.1,20419,6.2,12792,3.9,20140,6.1,7427,2.3,1.50,14.6,13.1,5.4,5.0,29504,8.9,19994,6.1,9510,2.9,20291,6.1,7547,2.3,1.37,14.5,13.3,5.4,5.0,29763,9.0,20239,6.1,9524,2.9,19056,5.7,7602,2.3,1.41,13.5,12.5,5.4,5.0,29537,8.9,21313,6.4,8224,2.5,18671,5.6,7368,2.2,1.44,13.1,12.0,5.2,4.8,27138,8.1,21193,6.3,5945,1.8,17580,5.3,7486,2.2,1.36,12.2,11.3,5.2,4.9,23849,7.1,21634,6.4,2215,0.7,15978,4.8,7355,2.2,1.23,11.0,10.2,5.1,4.8,21224,6.3,22719,6.8,-1495,-0.4,14996,4.5,7575,2.3,1.12,10.3,9.6,5.2,4.9,19250,5.7,22105,6.6,-2855,-0.9,13613,4.1,7827,2.3,1.05,9.4,8.6,5.4,5.1,16823,5.0,22881,6.9,-6058,-1.8,11900,3.6,7368,2.2,0.95,8.2,7.7,5.1,4.8,15562,4.7,23392,7.1,-7830,-2.4,10531,3.2,7034,2.1,0.90,7.3,7.0,4.9,4.6,14017,4.3,27385,8.3,-13368,-4.1,10504,3.2,6530,2.0,0.84,7.3,6.9,4.5,4.4,13049,4.0,26386,8.1,-13337,-4.1,10232,3.1,6471,2.0,0.80,7.1,6.6,4.5,4.4,13067,4.0,26849,8.3,-13782,-4.3,11429,3.5,6479,2.0,0.82,7.9,7.5,4.5,4.3,13802,4.3,27252,8.5,-13450,-4.2,11970,3.7,6124,1.9,0.88,8.3,7.8,4.3,4.1
"Jeju",252,4.5,403,7.2,-151,-2.7,231,4.1,108,1.9,-,298,5.5,385,7.1,-87,-1.6,231,4.3,129,2.4,-,324,5.8,378,6.8,-54,-1.0,233,4.2,129,2.3,-,8633,16.0,3049,5.6,5584,10.3,4022,7.4,1763,3.3,1.78,19.5,19.5,8.6,8.1,7453,13.7,2970,5.5,4483,8.2,3708,6.8,1721,3.2,1.56,17.9,17.8,8.3,7.8,6530,11.9,2906,5.3,3624,6.6,3574,6.5,1962,3.6,1.39,17.1,17.1,9.4,8.7,6583,11.9,2870,5.2,3713,6.7,3379,6.1,2177,3.9,1.44,16.0,15.7,10.3,9.8,6097,11.0,2883,5.2,3214,5.8,3325,6.0,1777,3.2,1.37,15.6,15.2,8.4,8.1,5734,10.3,2968,5.3,2766,5.0,3382,6.1,1663,3.0,1.31,15.7,15.1,7.7,7.3,5853,10.5,3023,5.4,2830,5.1,3576,6.4,1613,2.9,1.37,16.5,16.0,7.4,7.0,6178,11.1,2931,5.2,3247,5.8,3495,6.3,1561,2.8,1.49,16.0,15.4,7.1,6.7,5593,10.0,2813,5.0,2780,5.0,3445,6.2,1238,2.2,1.39,15.6,14.5,5.6,5.3,5433,9.7,2823,5.0,2610,4.6,3279,5.8,1469,2.6,1.38,14.6,13.6,6.6,6.3,5657,10.0,3017,5.3,2640,4.7,3515,6.2,1466,2.6,1.46,15.5,14.0,6.5,5.9,5628,9.9,3021,5.3,2607,4.6,3582,6.3,1395,2.5,1.49,15.5,14.1,6.0,5.5,5992,10.4,3238,5.6,2754,4.8,3482,6.1,1426,2.5,1.60,14.8,13.7,6.1,5.6,5328,9.1,3317,5.7,2011,3.4,3638,6.2,1440,2.5,1.43,15.1,14.1,6.0,5.6,5526,9.3,3300,5.5,2226,3.7,3593,6.0,1530,2.6,1.48,14.5,13.6,6.2,5.6,5600,9.2,3339,5.5,2261,3.7,3676,6.0,1447,2.4,1.48,14.4,13.2,5.7,5.3,5494,8.7,3542,5.6,1952,3.1,3705,5.9,1552,2.5,1.43,14.0,12.6,5.9,5.7,5037,7.8,3738,5.8,1299,2.0,3654,5.7,1530,2.4,1.31,13.4,12.2,5.6,5.4,4781,7.3,3912,6.0,869,1.3,3638,5.5,1607,2.4,1.22,13.0,11.6,5.7,5.3,4500,6.8,3959,6.0,541,0.8,3358,5.1,1716,2.6,1.15,11.8,10.4,6.1,5.5,3989,6.0,3952,5.9,37,0.1,2981,4.5,1744,2.6,1.02,10.4,9.6,6.1,5.6,3728,5.6,4229,6.3,-501,-0.7,2661,4.0,1490,2.2,0.95,9.2,8.5,5.2,4.8,3599,5.3,4806,7.1,-1207,-1.8,2718,4.0,1564,2.3,0.92,9.4,8.6,5.4,5.2,3222,4.8,4677,6.9,-1455,-2.2,2614,3.9,1493,2.2,0.83,9.0,8.1,5.1,4.8,3156,4.7,4902,7.3,-1746,-2.6,2744,4.1,1648,2.5,0.83,9.4,8.3,5.7,5.2,3279,4.9,4661,7.0,-1382,-2.1,2783,4.2,1504,2.3,0.87,9.6,8.7,5.2,4.7
