"가정별","성별","연령별",2072,2071,2070,2069,2068,2067,2066,2065,2064,2063,2062,2061,2060,2059,2058,2057,2056,2055,2054,2053,2052,2051,2050,2049,2048,2047,2046,2045,2044,2043,2042,2041,2040,2039,2038,2037,2036,2035,2034,2033,2032,2031,2030,2029,2028,2027,2026,2025,2024,2023,2022,2021,2020,2019,2018,2017,2016,2015,2014,2013,2012,2011,2010,2009,2008,2007,2006,2005,2004,2003,2002,2001,2000
"중위 추계(기본 추계: 출산율-중위 / 기대수명-중위 / 국제순이동-중위)","전체","계",36222293,36698961,37181774,37670942,38165892,38666431,39172974,39685210,40202384,40723791,41248542,41775305,42302086,42827316,43349217,43864958,44371641,44867534,45350648,45818111,46267614,46697391,47106960,47495914,47863071,48208374,48532231,48835031,49117432,49380766,49625415,49851637,50059218,50247657,50417167,50567057,50701389,50824868,50937726,51040632,51135265,51223269,51305713,51384052,51459877,51534551,51609121,51684564,51751065,51712619,51672569,51769539,51836239,51764822,51585058,51361911,51217803,51014947,50746659,50428893,50199853,49936638,49554112,49307835,49054708,48683638,48438292,48184561,48082519,47892330,47644736,47370164,47008111
"중위 추계(기본 추계: 출산율-중위 / 기대수명-중위 / 국제순이동-중위)","전체","0 - 4세",804122,803192,800555,796509,791520,786240,781475,778153,777259,779764,786552,798311,815471,838138,866055,898586,934751,973294,1012777,1051699,1088662,1122514,1152490,1178309,1200231,1219048,1235987,1252572,1270421,1291052,1315728,1340453,1360214,1373826,1379606,1375467,1364010,1348334,1327327,1300255,1266869,1227443,1182654,1144645,1126311,1132285,1163069,1219810,1296661,1387730,1494041,1618830,1776616,1930344,2038736,2151219,2240110,2290097,2295016,2309327,2330921,2315573,2271803,2273634,2301398,2298242,2359807,2524288,2699556,2843122,3006361,3162858,3259783
"중위 추계(기본 추계: 출산율-중위 / 기대수명-중위 / 국제순이동-중위)","전체","5 - 9세",785080,780360,777063,776167,778642,785354,796987,813968,836403,864037,896243,932044,970206,1009295,1047835,1084432,1117954,1147635,1173197,1194896,1213524,1230287,1246698,1264358,1284771,1309205,1333697,1353262,1366732,1372453,1368354,1357010,1341487,1320685,1293879,1260821,1221784,1177391,1139688,1121485,1127373,1157815,1213921,1289904,1381117,1484748,1611458,1766989,1914933,2027744,2142084,2231797,2278285,2276175,2288927,2308987,2297146,2251100,2252502,2279822,2276951,2336396,2497927,2671496,2809151,2976622,3136070,3233565,3321422,3416386,3494260,3533008,3521464
"중위 추계(기본 추계: 출산율-중위 / 기대수명-중위 / 국제순이동-중위)","전체","10 - 14세",787174,798743,815634,837953,865441,897479,933097,971058,1009942,1048280,1084683,1118030,1147553,1172981,1194565,1213093,1229766,1246086,1263649,1283952,1308261,1332628,1352080,1365465,1371152,1367077,1355788,1340342,1319644,1292971,1260078,1221236,1177050,1139521,1121415,1127284,1157551,1213327,1288875,1379589,1482645,1608641,1763359,1910507,2023361,2136724,2221724,2271667,2273651,2289761,2311839,2297714,2250969,2241561,2267391,2264077,2327307,2488686,2666175,2803088,2969359,3119491,3209709,3284134,3368274,3439518,3483708,3465407,3409535,3325398,3231727,3156586,3129982
"중위 추계(기본 추계: 출산율-중위 / 기대수명-중위 / 국제순이동-중위)","전체","15 - 19세",916355,951796,989573,1028273,1066432,1102667,1135860,1165252,1190565,1212050,1230489,1247077,1263305,1280766,1300951,1325136,1349393,1368763,1382098,1387782,1383738,1372510,1357147,1336555,1310016,1277291,1238645,1194636,1157207,1139092,1144832,1174849,1230266,1305368,1395564,1497998,1623231,1777168,1923663,2035900,2148742,2233375,2283155,2285032,2301322,2323747,2309228,2267007,2272843,2301077,2287873,2345886,2518218,2685976,2820005,2982455,3132204,3222268,3289729,3373050,3435576,3468536,3428793,3368818,3282024,3184001,3103285,3080061,3108835,3216920,3391243,3615529,3842432
"중위 추계(기본 추계: 출산율-중위 / 기대수명-중위 / 국제순이동-중위)","전체","20 - 24세",1234634,1267466,1296545,1321585,1342843,1361082,1377474,1393501,1410735,1430652,1454534,1478512,1497682,1510910,1516583,1512613,1501518,1486341,1466007,1439796,1407469,1369285,1325750,1288649,1270569,1276022,1305450,1360058,1434173,1523211,1624276,1747829,1899865,2044680,2155611,2267308,2351103,2400385,2402164,2418364,2440583,2426189,2384126,2389769,2426368,2431280,2494651,2660295,2838789,2953664,3105237,3278327,3392351,3439052,3498197,3529657,3559849,3511968,3457405,3370906,3268949,3175673,3139049,3153001,3226850,3380558,3587201,3788780,3970573,4045569,4011329,3933235,3854382
"중위 추계(기본 추계: 출산율-중위 / 기대수명-중위 / 국제순이동-중위)","전체","25 - 29세",1472706,1489131,1505202,1522496,1542489,1566447,1590468,1609627,1622795,1628375,1624313,1613126,1597829,1577350,1550974,1518463,1480084,1436385,1399235,1381266,1386961,1416691,1471574,1545960,1635314,1736780,1860835,2013319,2158347,2269322,2380937,2464615,2513810,2515340,2531251,2553294,2538708,2496575,2501988,2538480,2543679,2607482,2773392,2951792,3083875,3246886,3392971,3476469,3533643,3594717,3628784,3675202,3645542,3587776,3493062,3368161,3279811,3269454,3259130,3315255,3464864,3664802,3834105,4001090,4056267,4018371,3927136,3843827,3853273,3941430,4064589,4224596,4352913
"중위 추계(기본 추계: 출산율-중위 / 기대수명-중위 / 국제순이동-중위)","전체","30 - 34세",1591848,1615925,1635124,1648315,1653890,1649782,1638524,1623149,1602572,1576077,1543428,1504889,1461026,1423735,1405667,1411322,1441096,1496117,1570700,1660280,1762012,1886391,2039223,2184573,2295860,2407731,2491539,2540694,2542198,2558106,2580018,2565215,2522916,2528297,2564652,2569710,2633573,2799624,2978111,3110295,3273431,3419461,3502597,3559267,3632729,3685186,3717056,3670087,3615767,3524540,3390434,3306451,3307803,3306462,3360617,3491542,3688255,3871602,4045454,4086255,4058688,3967427,3877784,3856438,3954807,4078911,4226271,4360436,4450632,4473012,4421320,4332087,4247992
"중위 추계(기본 추계: 출산율-중위 / 기대수명-중위 / 국제순이동-중위)","전체","35 - 39세",1639566,1628267,1612846,1592222,1565675,1532970,1494370,1450448,1413100,1394974,1400573,1430312,1485320,1559893,1649457,1751168,1875523,2028310,2173619,2284896,2396730,2480455,2529495,2530947,2546779,2568534,2553576,2511196,2516480,2552625,2557503,2621212,2786993,2965160,3097121,3260004,3405705,3488502,3544873,3617976,3670012,3701374,3653968,3599061,3519526,3411604,3320524,3305481,3297256,3349843,3482511,3683026,3866979,4051769,4095610,4054300,3964685,3892100,3854386,3949716,4087693,4241327,4387036,4466962,4509979,4449040,4361921,4267337,4216022,4154850,4187506,4228965,4273079
"중위 추계(기본 추계: 출산율-중위 / 기대수명-중위 / 국제순이동-중위)","전체","40 - 44세",1527348,1488672,1444685,1407304,1389167,1394764,1424501,1479506,1554074,1643632,1745346,1869705,2022442,2167632,2278797,2390486,2474060,2522913,2524219,2539933,2561524,2546399,2503915,2509083,2545061,2549841,2613456,2778966,2956743,3088360,3250793,3396023,3478407,3534382,3607044,3658642,3689494,3641740,3586480,3506627,3398478,3307141,3291549,3282713,3343046,3488687,3679608,3851246,4023556,4066215,4035019,3944406,3872171,3847859,3951400,4078404,4230029,4398381,4479628,4527975,4483989,4409021,4306370,4244225,4135275,4156757,4184030,4248300,4312441,4342326,4271265,4155285,4020438
"중위 추계(기본 추계: 출산율-중위 / 기대수명-중위 / 국제순이동-중위)","전체","45 - 49세",1409087,1438893,1494005,1568709,1658426,1760335,1884934,2037876,2183169,2294413,2406111,2489625,2538304,2539456,2555032,2576401,2561014,2518360,2523407,2559191,2563903,2627593,2793071,2970673,3102163,3264354,3409227,3491221,3546827,3619034,3670128,3700344,3652105,3596314,3515960,3407450,3315837,3299778,3290592,3350483,3495431,3685334,3855874,4026680,4074072,4041970,3944572,3865770,3828741,3926944,4061992,4213912,4385732,4487622,4553179,4506942,4441770,4354036,4295086,4125313,4173386,4191090,4271709,4321262,4354664,4248784,4139484,3958097,3802111,3569142,3346133,3160621,2921443
"중위 추계(기본 추계: 출산율-중위 / 기대수명-중위 / 국제순이동-중위)","전체","50 - 54세",1776790,1901647,2054811,2200240,2311605,2423328,2506760,2555235,2556230,2571644,2592728,2577016,2534154,2539026,2574503,2579046,2642732,2808075,2985395,3116718,3278633,3423065,3504568,3559738,3631410,3681895,3711352,3662547,3606128,3525134,3416096,3324058,3307358,3297665,3356933,3500954,3689608,3858952,4028272,4074563,4041468,3943291,3863600,3825551,3927373,4057446,4202152,4367799,4459873,4525612,4489552,4425748,4338269,4297890,4122273,4163840,4170297,4289039,4334785,4364665,4263019,4163908,3934363,3761143,3524016,3287112,3106401,2861891,2664066,2568222,2505591,2427537,2365862
"중위 추계(기본 추계: 출산율-중위 / 기대수명-중위 / 국제순이동-중위)","전체","55 - 59세",2424908,2508141,2556314,2557098,2572286,2592992,2576904,2533818,2538456,2573523,2577794,2641293,2806189,2982905,3113776,3275101,3418803,3499572,3554085,3625003,3674678,3703231,3653864,3596845,3515269,3405784,3313322,3295833,3285465,3343769,3486328,3673112,3840689,4007998,4052964,4018833,3919958,3839460,3800410,3900082,4027734,4169855,4332354,4421800,4489822,4451091,4384454,4292571,4246026,4070751,4113957,4113626,4237067,4295393,4340508,4225899,4134915,3884217,3699016,3457310,3241925,3065255,2817315,2611705,2518813,2441497,2363424,2285610,2196938,2105442,2041047,2008937,2006389
"중위 추계(기본 추계: 출산율-중위 / 기대수명-중위 / 국제순이동-중위)","전체","60 - 64세",2581940,2565438,2522082,2526394,2560927,2564822,2627924,2792046,2967816,3097922,3258299,3400948,3480713,3534309,3604184,3652793,3680231,3630215,3572518,3490353,3380469,3287599,3269232,3258086,3315163,3455800,3640103,3805278,3969950,4013231,3977826,3878169,3796745,3756412,3853314,3977890,4116744,4275411,4361898,4426675,4386286,4318208,4224945,4176009,4005606,4045830,4042638,4155466,4211091,4258205,4148113,4064749,3814370,3627949,3389068,3170368,2994342,2750831,2541221,2443552,2377804,2302960,2212040,2117041,2024598,1963549,1933740,1946175,1946812,1950647,1915420,1859995,1817056
"중위 추계(기본 추계: 출산율-중위 / 기대수명-중위 / 국제순이동-중위)","전체","65 - 69세",2533871,2596179,2758865,2933062,3061895,3220742,3361789,3440097,3492390,3560809,3607969,3634049,3583398,3525040,3442371,3332207,3238897,3219397,3207168,3262390,3400137,3580873,3742776,3904139,3945577,3908907,3808525,3726013,3683916,3776974,3897301,4031714,4185290,4267926,4328644,4286567,4217182,4122684,4071468,3901597,3937019,3930899,4037170,4087901,4133555,4022461,3937463,3688605,3509250,3274183,3063850,2894911,2662232,2448622,2356588,2286519,2210004,2105631,2005729,1914508,1874691,1846336,1878314,1870279,1866427,1804867,1734658,1689609,1649747,1592234,1528114,1461093,1381212
"중위 추계(기본 추계: 출산율-중위 / 기대수명-중위 / 국제순이동-중위)","전체","70 - 74세",3173298,3311620,3387545,3437747,3503875,3548804,3572948,3521712,3462780,3379832,3269768,3176160,3155198,3141519,3193920,3327098,3502176,3658909,3815237,3854259,3816288,3715507,3632046,3587793,3675420,3789703,3917834,4064258,4141760,4197060,4153130,4082534,3986827,3933014,3764596,3793806,3784214,3881887,3926557,3967616,3856948,3771898,3528324,3351004,3124245,2919238,2753018,2527085,2322783,2234677,2164766,2090525,1990347,1886106,1795390,1756800,1729122,1779544,1763752,1754449,1674052,1587018,1539637,1492503,1426335,1362205,1294801,1214841,1140499,1081502,1023257,963947,922213
"중위 추계(기본 추계: 출산율-중위 / 기대수명-중위 / 국제순이동-중위)","전체","75 - 79세",3449036,3470115,3418616,3359465,3276827,3167664,3074045,3050888,3034977,3082418,3207448,3372684,3520848,3669263,3705545,3666690,3566340,3482062,3434517,3513217,3617899,3736347,3871945,3942601,3990377,3945280,3874576,3778423,3721878,3557089,3577170,3563245,3647845,3684090,3720121,3612136,3529347,3295733,3123040,2908241,2713279,2553812,2341230,2145482,2059642,1988025,1912336,1820534,1723662,1637098,1596539,1567444,1608464,1589635,1579149,1494315,1400166,1350503,1298398,1228474,1167399,1101326,1025532,954171,898014,844714,791754,751853,713772,678767,654403,629856,608084
"중위 추계(기본 추계: 출산율-중위 / 기대수명-중위 / 국제순이동-중위)","전체","80세이상",8114530,8083376,8112309,8157403,8223952,8310959,8394914,8468876,8549121,8585389,8562264,8491524,8422448,8355098,8349002,8350323,8357303,8345100,8292820,8172480,8026726,7866016,7661086,7472140,7227939,7045122,6868319,6666413,6439563,6261283,5964917,5710019,5331351,4976979,4678492,4398893,4143340,3907917,3642320,3482404,3325288,3161051,3073495,2936935,2807907,2667343,2522199,2477683,2382540,2289858,2155978,2016985,1890824,1764631,1634958,1528426,1417791,1305490,1209247,1125228,1050587,980499,922626,859933,797816,748890,704601,664484,626285,587361,551171,516029,483387
"중위 추계(기본 추계: 출산율-중위 / 기대수명-중위 / 국제순이동-중위)","전체","80 - 84세",2941057,2848758,2822291,2803012,2841142,2949986,3095500,3226890,3360385,3392824,3354382,3257485,3173940,3121919,3185068,3272988,3374834,3491781,3551490,3587253,3542613,3474671,3380958,3322974,3168324,3175184,3156498,3220461,3244378,3274550,3174324,3098927,2885798,2724128,2533024,2358541,2213886,2026780,1848045,1768443,1700342,1628432,1551816,1465132,1387561,1343140,1305676,1338962,1322888,1311746,1238755,1157812,1109242,1055839,987409,930279,867222,793916,733018,687406,643644,599815,565597,528386,492598,470006,448312,429246,404920,375966,350265,329611,310114
"중위 추계(기본 추계: 출산율-중위 / 기대수명-중위 / 국제순이동-중위)","전체","85 - 89세",2431429,2542067,2644041,2751468,2779004,2744884,2659016,2581796,2526926,2566114,2627539,2703440,2791248,2835518,2855810,2816850,2759264,2676459,2621932,2490578,2482313,2460587,2497138,2506794,2531353,2449812,2391411,2218443,2082158,1932673,1794877,1678439,1534189,1387901,1322381,1264623,1203395,1150235,1082263,1020938,979181,942066,967698,955427,946008,886264,817041,778346,737630,685925,646358,605532,548700,497418,458588,425167,391295,363551,335355,305257,290468,275332,261945,244803,224477,203971,188510,173940,165287,158543,150508,138867,128397
"중위 추계(기본 추계: 출산율-중위 / 기대수명-중위 / 국제순이동-중위)","전체","90 - 94세",1805570,1743642,1684582,1636074,1649730,1679961,1723423,1774851,1801217,1806888,1780060,1742369,1683681,1642766,1552275,1535590,1516951,1527957,1525853,1544207,1492302,1459243,1347222,1254659,1162933,1077440,1003442,916474,819836,776914,737563,695156,668422,626524,588413,557282,527781,544495,537883,533247,497877,455623,432609,408626,377656,351115,322117,289611,258561,235791,218926,203889,187321,168248,147576,138080,128909,120958,116393,109626,95044,86046,77964,71866,67293,62191,56026,50264,46025,43367,41466,39163,37139
"중위 추계(기본 추계: 출산율-중위 / 기대수명-중위 / 국제순이동-중위)","전체","95 - 99세",730784,747300,767798,779251,778085,765583,749465,721277,700968,657535,644477,634297,632862,627256,637869,615980,605687,556206,512798,474668,438894,407210,372180,328106,309299,291240,270952,263171,245912,229992,214335,198182,205956,203834,203015,189046,171415,162285,152846,140750,130867,119873,107596,95480,86041,77612,69231,63135,56005,48645,45030,43381,40208,38355,37233,31033,26886,23923,21645,20321,18920,16966,14866,12800,11541,10958,10113,9516,8700,8184,7704,7294,6758
"중위 추계(기본 추계: 출산율-중위 / 기대수명-중위 / 국제순이동-중위)","전체","100세 이상",205690,201609,193597,187598,175991,170545,167510,164062,159625,162028,155806,153933,140717,127639,117980,108915,100567,92697,80747,75774,70604,64305,63588,59607,56030,51446,46016,47864,47279,47154,43818,39315,36986,34592,31659,29401,26863,24122,21283,19026,17021,15057,13776,12270,10641,9212,8134,7629,7456,7751,6909,6371,5353,4771,4152,3867,3479,3142,2836,2618,2511,2340,2254,2078,1907,1764,1640,1518,1353,1301,1228,1094,979
"중위 추계(기본 추계: 출산율-중위 / 기대수명-중위 / 국제순이동-중위)","남자","계",18209029,18438434,18670107,18904218,19140643,19379441,19620983,19865280,20112015,20360655,20610866,20862429,21114313,21365813,21616063,21863691,22107905,22347707,22581760,22808799,23028412,23240251,23443302,23636945,23820596,23994470,24158908,24313819,24459520,24596640,24724984,24844377,24954651,25055270,25146147,25226848,25299055,25365537,25426558,25482355,25533877,25581979,25627273,25670259,25711849,25753184,25795052,25837903,25876776,25859888,25818686,25870941,25925697,25948706,25857689,25736793,25670949,25585894,25445077,25285319,25187380,25069867,24881114,24774341,24671648,24491190,24369561,24243234,24210740,24120872,23991377,23854971,23666769
"중위 추계(기본 추계: 출산율-중위 / 기대수명-중위 / 국제순이동-중위)","남자","0 - 4세",411110,410634,409285,407213,404659,401955,399515,397815,397357,398637,402108,408125,416906,428505,442791,459439,477947,497671,517876,537794,556707,574030,589369,602581,613797,623423,632088,640572,649704,660260,672886,685538,695649,702614,705569,703448,697580,689554,678800,664942,647854,627677,604754,585299,575930,578964,594599,623974,663673,711053,766227,830797,911251,989933,1045183,1102364,1148547,1175609,1179604,1188302,1200629,1193656,1172828,1174722,1191039,1192170,1227097,1315045,1409160,1488560,1573834,1658958,1716148
"중위 추계(기본 추계: 출산율-중위 / 기대수명-중위 / 국제순이동-중위)","남자","5 - 9세",400814,398399,396711,396252,397517,400950,406901,415589,427068,441207,457687,476007,495533,515534,535253,553977,571128,586314,599391,610491,620019,628592,636986,646019,656461,668962,681493,691501,698391,701315,699213,693405,685459,674812,661092,644174,624199,601482,582186,572889,575885,591346,620392,659636,707080,760939,826640,906030,981805,1039269,1097221,1143757,1168681,1169113,1176909,1188607,1183575,1161732,1163582,1179593,1180798,1214418,1300568,1393600,1468935,1556291,1641923,1698879,1752569,1808293,1858210,1881924,1877208
"중위 추계(기본 추계: 출산율-중위 / 기대수명-중위 / 국제순이동-중위)","남자","10 - 14세",401491,407409,416049,427467,441529,457920,476144,495564,515457,535069,553691,570750,585853,598859,609899,619374,627897,636242,645226,655611,668046,680510,690459,697302,700209,698119,692339,684434,673840,660191,643361,623487,600880,581677,572432,575418,590786,619656,658668,705847,759398,824719,903678,979031,1036505,1094074,1138230,1164900,1167483,1176998,1189663,1183139,1161061,1157242,1172580,1173575,1209141,1294946,1389826,1464013,1550478,1630159,1682748,1729504,1779836,1826108,1853437,1844524,1813909,1767832,1714089,1671109,1651269
"중위 추계(기본 추계: 출산율-중위 / 기대수명-중위 / 국제순이동-중위)","남자","15 - 19세",466071,484213,503547,523352,542878,561419,578402,593440,606389,617381,626812,635295,643597,652534,662865,675240,687646,697550,704363,707263,705182,699427,691554,681006,667414,650659,630873,608356,589219,579990,582928,598183,626885,665691,712625,765890,830862,909424,984416,1041593,1098895,1142857,1169384,1171897,1181519,1194359,1187673,1167856,1171771,1188393,1183580,1216428,1307326,1397832,1470638,1554471,1632747,1684718,1728466,1779769,1821485,1842937,1821378,1788329,1740377,1683355,1637309,1621106,1630004,1680219,1765454,1876518,1987021
"중위 추계(기본 추계: 출산율-중위 / 기대수명-중위 / 국제순이동-중위)","남자","20 - 24세",637852,654762,669740,682634,693580,702966,711396,719636,728498,738737,751022,763377,773281,780116,783035,780983,775274,767465,757003,743512,726872,707214,684794,665636,656237,658941,673963,702419,740904,787436,840228,904635,982659,1057381,1114455,1171519,1215162,1241638,1244346,1253874,1266446,1259763,1240140,1243827,1263926,1268442,1303354,1390474,1486372,1548436,1620461,1711404,1779560,1823024,1860305,1882066,1903218,1877884,1844096,1794501,1734689,1678222,1654707,1658347,1695754,1772836,1874314,1969021,2056353,2087878,2066245,2025970,1989852
"중위 추계(기본 추계: 출산율-중위 / 기대수명-중위 / 국제순이동-중위)","남자","25 - 29세",777892,786294,794518,803372,813608,825876,838171,847966,854687,857523,855423,849679,841829,831324,817798,801131,781458,759069,740049,730888,733821,748958,777406,815861,862384,915175,979575,1057456,1131748,1188266,1244920,1288363,1314598,1316875,1326198,1338814,1332072,1312243,1315841,1336168,1340900,1375902,1462990,1558462,1630727,1715998,1792831,1841645,1878599,1915057,1933726,1962374,1949923,1924269,1868033,1791765,1739228,1730403,1714497,1734720,1808875,1909497,1989754,2071602,2096715,2073207,2024586,1981697,1992129,2036930,2098801,2179040,2232158
"중위 추계(기본 추계: 출산율-중위 / 기대수명-중위 / 국제순이동-중위)","남자","30 - 34세",842634,854976,864811,871556,874394,872261,866463,858552,847972,834353,817580,797782,775265,756135,746896,749798,764973,793541,832168,878887,931905,996582,1074767,1149343,1206143,1263046,1306627,1332851,1335131,1344490,1357035,1350130,1330182,1333796,1354046,1358676,1393766,1481047,1576669,1649105,1734624,1811583,1860277,1897043,1940894,1976227,1996598,1969945,1938196,1883794,1796779,1745107,1745712,1743237,1764834,1825165,1922760,2015092,2096735,2111042,2094985,2049481,2000527,1992214,2045263,2109088,2180616,2240142,2279293,2285705,2255001,2213068,2176913
"중위 추계(기본 추계: 출산율-중위 / 기대수명-중위 / 국제순이동-중위)","남자","35 - 39세",862429,856595,848642,838016,824343,807511,787647,765067,745886,736612,739498,754684,783285,821959,868732,921814,986569,1064824,1139448,1196294,1253220,1296784,1322948,1325189,1334502,1346952,1339935,1319914,1323474,1343620,1348176,1383248,1470477,1566000,1638375,1723814,1800636,1849160,1885768,1929436,1964550,1984633,1957721,1925620,1878096,1812587,1757521,1744455,1731341,1750443,1808706,1907424,1999740,2095902,2114600,2089929,2044466,2004556,1982864,2028863,2101052,2181088,2252710,2289453,2309682,2273836,2228330,2184835,2166489,2142489,2153573,2166558,2180572
"중위 추계(기본 추계: 출산율-중위 / 기대수명-중위 / 국제순이동-중위)","남자","40 - 44세",797363,777434,754794,735571,726273,729152,744345,772967,811667,858470,911590,976394,1054675,1129291,1186132,1243021,1286521,1312583,1314743,1323982,1336314,1329174,1309078,1312568,1332594,1337075,1372105,1459209,1554540,1626759,1711992,1788569,1836849,1873224,1916627,1951455,1971204,1944070,1911735,1863987,1798310,1743081,1729692,1716248,1739757,1808708,1902383,1986113,2069513,2087030,2067075,2020470,1979773,1970422,2021308,2083256,2160777,2248961,2286346,2305325,2279295,2240870,2192383,2164790,2117845,2130204,2139138,2165148,2192667,2201473,2169132,2113646,2045158
"중위 추계(기본 추계: 출산율-중위 / 기대수명-중위 / 국제순이동-중위)","남자","45 - 49세",729974,745189,773852,812606,859472,912671,977569,1055918,1130553,1187407,1244271,1287710,1313654,1315722,1324874,1337059,1329760,1309561,1312960,1332832,1337234,1372248,1459249,1554397,1626467,1711480,1787784,1835776,1871880,1914967,1949439,1968765,1941339,1908678,1860626,1794736,1739327,1725612,1711916,1735080,1803493,1896422,1979393,2061835,2081918,2063068,2013504,1968894,1947890,1995415,2061862,2138197,2225868,2280977,2308830,2278705,2241597,2199587,2169125,2089888,2124531,2133627,2166821,2184842,2196142,2142938,2089417,2000124,1924199,1812161,1697943,1598458,1483122
"중위 추계(기본 추계: 출산율-중위 / 기대수명-중위 / 국제순이동-중위)","남자","50 - 54세",918360,983347,1061750,1136385,1193242,1250056,1293393,1319175,1321124,1330149,1342131,1334628,1314297,1317570,1337232,1341507,1376452,1463254,1558102,1629942,1714645,1790567,1838174,1873923,1916588,1950588,1969365,1941561,1908491,1860050,1793874,1738224,1724066,1710009,1732681,1800347,1892285,1974299,2055631,2074964,2055509,2005496,1960386,1938731,1988040,2051380,2123780,2207838,2252613,2281401,2258061,2221205,2177535,2159754,2075419,2107628,2112259,2165419,2180821,2190098,2136013,2085550,1972536,1887016,1770211,1648729,1554676,1436212,1341081,1292202,1261221,1224816,1194103
"중위 추계(기본 추계: 출산율-중위 / 기대수명-중위 / 국제순이동-중위)","남자","55 - 59세",1250206,1293369,1318919,1320705,1329554,1341260,1333496,1313006,1316099,1335455,1339520,1374280,1460680,1555020,1626465,1710673,1786023,1833061,1868279,1910347,1943710,1961813,1933624,1900136,1851303,1784855,1728930,1714199,1699657,1721609,1788170,1878693,1959359,2039197,2057586,2037425,1986938,1941301,1918930,1966668,2028252,2098765,2180559,2223514,2252857,2227167,2188632,2142637,2117431,2034448,2068112,2068337,2121562,2147149,2164174,2102223,2054239,1932408,1841582,1719950,1608745,1519137,1397202,1297637,1251007,1212829,1174921,1136993,1095353,1047715,1012176,990089,981156
"중위 추계(기본 추계: 출산율-중위 / 기대수명-중위 / 국제순이동-중위)","남자","60 - 64세",1336085,1328025,1307337,1310175,1329124,1332895,1367316,1453080,1546656,1617460,1700901,1775428,1821682,1856177,1897447,1929987,1947251,1918597,1884616,1835368,1768674,1712495,1697133,1682031,1703052,1768138,1856760,1935590,2013464,2030649,2009613,1958591,1912337,1889029,1934698,1993984,2062026,2140944,2181721,2208753,2181994,2142545,2095621,2068825,1987872,2017632,2015600,2062168,2082774,2101922,2042614,1999375,1876783,1787518,1668124,1554982,1466124,1345931,1243960,1195750,1164089,1126838,1083119,1035802,986275,951179,930455,928692,923453,920359,901451,875583,852303
"중위 추계(기본 추계: 출산율-중위 / 기대수명-중위 / 국제순이동-중위)","남자","65 - 69세",1313530,1347321,1431960,1524299,1594088,1676342,1749638,1794759,1828216,1868346,1899747,1915980,1886870,1852420,1802858,1736045,1679608,1663427,1647545,1667187,1730115,1816092,1892490,1967920,1983747,1961797,1910236,1863239,1838655,1881510,1937678,2002416,2077570,2115526,2139662,2111774,2071435,2023603,1995240,1914703,1940864,1936757,1978807,1996070,2013313,1952534,1908010,1787365,1700794,1584823,1478069,1394231,1280138,1177211,1132243,1098706,1059400,1009632,958234,908072,883241,863928,871002,861451,855346,822884,788456,764040,740526,711353,676884,637330,595086
"중위 추계(기본 추계: 출산율-중위 / 기대수명-중위 / 국제순이동-중위)","남자","70 - 74세",1642446,1713730,1757053,1788895,1827293,1857010,1871846,1842375,1807556,1757884,1691285,1634755,1617582,1600752,1618449,1678141,1760071,1832739,1904542,1918632,1895804,1844047,1796561,1770538,1809564,1861429,1921607,1991612,2025917,2046380,2017377,1976294,1927638,1897577,1818020,1839588,1833034,1869368,1882663,1896799,1836543,1792141,1675366,1590428,1479793,1376471,1294560,1185734,1087769,1045428,1012668,975339,928928,876494,825893,800334,780645,796175,783053,775208,733285,689761,664268,637772,604560,571360,534440,494667,457420,425721,396315,371625,353411
"중위 추계(기본 추계: 출산율-중위 / 기대수명-중위 / 국제순이동-중위)","남자","75 - 79세",1786042,1798788,1769262,1734400,1685166,1619532,1563326,1544868,1526776,1541339,1595708,1671084,1737978,1804505,1816803,1793417,1741921,1694098,1666003,1699158,1744735,1798475,1861346,1891191,1906931,1877423,1836375,1787369,1755670,1678484,1693680,1684391,1712838,1721137,1732040,1673737,1630904,1520904,1439376,1336884,1240661,1163525,1063624,971590,930457,896044,857801,816937,768879,722713,696606,675869,685809,672113,663906,620799,573514,546349,518840,485151,454917,422066,386793,353244,326089,301667,281091,265655,252637,241516,232732,224127,215420
"중위 추계(기본 추계: 출산율-중위 / 기대수명-중위 / 국제순이동-중위)","남자","80세이상",3634730,3597949,3591877,3591320,3603923,3629665,3655415,3675503,3700054,3704626,3681892,3636471,3591346,3549390,3538534,3532085,3527406,3517711,3489446,3430611,3361409,3283243,3187364,3101304,2993203,2916408,2838853,2747761,2648835,2570664,2434414,2321445,2155866,2002047,1869415,1742049,1626839,1521232,1402652,1330663,1259699,1184767,1144489,1082203,1023165,958590,893336,870938,829873,793265,737256,677488,626047,576516,524710,482218,438712,396492,363446,335074,310273,288632,271770,254016,236572,222509,209355,196454,183498,170466,158316,146152,135869
"중위 추계(기본 추계: 출산율-중위 / 기대수명-중위 / 국제순이동-중위)","남자","80 - 84세",1469152,1414603,1394534,1374921,1384158,1428791,1492065,1548599,1606014,1616174,1593368,1544174,1497394,1466989,1490850,1526231,1569428,1620651,1643836,1652829,1624485,1585814,1538666,1506670,1435689,1442176,1430227,1447410,1449276,1456926,1403862,1365896,1269016,1195011,1107398,1024437,956862,872733,791760,754889,723126,687998,655862,614795,575242,548322,524559,531274,518803,510831,476263,438090,412934,387167,355506,328523,299295,266996,241136,222240,204670,189129,178050,167548,157822,150705,144246,137401,128928,119483,110728,102574,95912
"중위 추계(기본 추계: 출산율-중위 / 기대수명-중위 / 국제순이동-중위)","남자","85 - 89세",1119392,1163470,1203605,1246566,1254502,1235057,1192949,1151516,1121030,1132554,1153922,1182513,1217476,1232564,1234632,1211120,1179264,1138850,1110003,1052363,1050129,1037628,1042995,1039451,1044593,1002876,974713,900876,842304,778371,716999,666085,605934,544103,515690,490387,462419,442065,412447,383895,361388,340707,345016,336056,329987,303962,274135,256289,238467,217654,201240,184329,162714,143004,128236,115958,104270,96002,90390,83433,79849,76453,72981,67954,61896,56685,51536,46981,43798,40967,38111,34821,31792
"중위 추계(기본 추계: 출산율-중위 / 기대수명-중위 / 국제순이동-중위)","남자","90 - 94세",741977,713730,684538,660065,661147,668997,682386,700153,707685,705404,690661,670882,644078,624271,587845,581574,572077,569653,563982,567500,542548,527776,484911,449384,414161,379735,350585,318188,281713,265118,249743,232557,223631,207624,192193,177991,164251,166625,162045,159341,145902,130095,120909,111848,100949,91409,81638,71431,61639,54970,50323,45872,41611,37779,32865,30906,29319,28260,27414,25415,22157,19834,17855,16099,14740,13145,11788,10493,9341,8674,8266,7634,7115
"중위 추계(기본 추계: 출산율-중위 / 기대수명-중위 / 국제순이동-중위)","남자","95 - 99세",250925,254523,260265,262847,260581,254725,246956,235514,226966,211709,207349,203001,199849,196173,198254,188666,184306,168191,154204,141740,129354,118733,107705,93697,87561,81619,74720,72528,67068,61825,56175,50301,51227,49773,49214,44812,39397,36407,33511,30049,27126,24117,21013,17961,15666,13732,11940,10842,9811,8601,8291,8158,7927,7776,7505,6289,5352,4790,4108,3632,3268,2917,2615,2178,1908,1784,1607,1411,1287,1205,1092,1026,966
"중위 추계(기본 추계: 출산율-중위 / 기대수명-중위 / 국제순이동-중위)","남자","100세 이상",53284,51623,48935,46921,43535,42095,41059,39721,38359,38785,36592,35901,32549,29393,26953,24494,22331,20366,17421,16179,14893,13292,13087,12102,11199,10002,8608,8759,8474,8424,7635,6606,6058,5536,4920,4422,3910,3402,2889,2489,2157,1850,1689,1543,1321,1165,1064,1102,1153,1209,1139,1039,861,790,598,542,476,444,398,354,329,299,269,237,206,190,178,168,144,137,119,97,84
"중위 추계(기본 추계: 출산율-중위 / 기대수명-중위 / 국제순이동-중위)","여자","계",18013264,18260527,18511667,18766724,19025249,19286990,19551991,19819930,20090369,20363136,20637676,20912876,21187773,21461503,21733154,22001267,22263736,22519827,22768888,23009312,23239202,23457140,23663658,23858969,24042475,24213904,24373323,24521212,24657912,24784126,24900431,25007260,25104567,25192387,25271020,25340209,25402334,25459331,25511168,25558277,25601388,25641290,25678440,25713793,25748028,25781367,25814069,25846661,25874289,25852731,25853883,25898598,25910542,25816116,25727369,25625118,25546854,25429053,25301582,25143574,25012473,24866771,24672998,24533494,24383060,24192448,24068731,23941327,23871779,23771458,23653359,23515193,23341342
"중위 추계(기본 추계: 출산율-중위 / 기대수명-중위 / 국제순이동-중위)","여자","0 - 4세",393012,392558,391270,389296,386861,384285,381960,380338,379902,381127,384444,390186,398565,409633,423264,439147,456804,475623,494901,513905,531955,548484,563121,575728,586434,595625,603899,612000,620717,630792,642842,654915,664565,671212,674037,672019,666430,658780,648527,635313,619015,599766,577900,559346,550381,553321,568470,595836,632988,676677,727814,788033,865365,940411,993553,1048855,1091563,1114488,1115412,1121025,1130292,1121917,1098975,1098912,1110359,1106072,1132710,1209243,1290396,1354562,1432527,1503900,1543635
"중위 추계(기본 추계: 출산율-중위 / 기대수명-중위 / 국제순이동-중위)","여자","5 - 9세",384266,381961,380352,379915,381125,384404,390086,398379,409335,422830,438556,456037,474673,493761,512582,530455,546826,561321,573806,584405,593505,601695,609712,618339,628310,640243,652204,661761,668341,671138,669141,663605,656028,645873,632787,616647,597585,575909,557502,548596,551488,566469,593529,630268,674037,723809,784818,860959,933128,988475,1044863,1088040,1109604,1107062,1112018,1120380,1113571,1089368,1088920,1100229,1096153,1121978,1197359,1277896,1340216,1420331,1494147,1534686,1568853,1608093,1636050,1651084,1644256
"중위 추계(기본 추계: 출산율-중위 / 기대수명-중위 / 국제순이동-중위)","여자","10 - 14세",385683,391334,399585,410486,423912,439559,456953,475494,494485,513211,530992,547280,561700,574122,584666,593719,601869,609844,618423,628341,640215,652118,661621,668163,670943,668958,663449,655908,645804,632780,616717,597749,576170,557844,548983,551866,566765,593671,630207,673742,723247,783922,859681,931476,986856,1042650,1083494,1106767,1106168,1112763,1122176,1114575,1089908,1084319,1094811,1090502,1118166,1193740,1276349,1339075,1418881,1489332,1526961,1554630,1588438,1613410,1630271,1620883,1595626,1557566,1517638,1485477,1478713
"중위 추계(기본 추계: 출산율-중위 / 기대수명-중위 / 국제순이동-중위)","여자","15 - 19세",450284,467583,486026,504921,523554,541248,557458,571812,584176,594669,603677,611782,619708,628232,638086,649896,661747,671213,677735,680519,678556,673083,665593,655549,642602,626632,607772,586280,567988,559102,561904,576666,603381,639677,682939,732108,792369,867744,939247,994307,1049847,1090518,1113771,1113135,1119803,1129388,1121555,1099151,1101072,1112684,1104293,1129458,1210892,1288144,1349367,1427984,1499457,1537550,1561263,1593281,1614091,1625599,1607415,1580489,1541647,1500646,1465976,1458955,1478831,1536701,1625789,1739011,1855411
"중위 추계(기본 추계: 출산율-중위 / 기대수명-중위 / 국제순이동-중위)","여자","20 - 24세",596782,612704,626805,638951,649263,658116,666078,673865,682237,691915,703512,715135,724401,730794,733548,731630,726244,718876,709004,696284,680597,662071,640956,623013,614332,617081,631487,657639,693269,735775,784048,843194,917206,987299,1041156,1095789,1135941,1158747,1157818,1164490,1174137,1166426,1143986,1145942,1162442,1162838,1191297,1269821,1352417,1405228,1484776,1566923,1612791,1616028,1637892,1647591,1656631,1634084,1613309,1576405,1534260,1497451,1484342,1494654,1531096,1607722,1712887,1819759,1914220,1957691,1945084,1907265,1864530
"중위 추계(기본 추계: 출산율-중위 / 기대수명-중위 / 국제순이동-중위)","여자","25 - 29세",694814,702837,710684,719124,728881,740571,752297,761661,768108,770852,768890,763447,756000,746026,733176,717332,698626,677316,659186,650378,653140,667733,694168,730099,772930,821605,881260,955863,1026599,1081056,1136017,1176252,1199212,1198465,1205053,1214480,1206636,1184332,1186147,1202312,1202779,1231580,1310402,1393330,1453148,1530888,1600140,1634824,1655044,1679660,1695058,1712828,1695619,1663507,1625029,1576396,1540583,1539051,1544633,1580535,1655989,1755305,1844351,1929488,1959552,1945164,1902550,1862130,1861144,1904500,1965788,2045556,2120755
"중위 추계(기본 추계: 출산율-중위 / 기대수명-중위 / 국제순이동-중위)","여자","30 - 34세",749214,760949,770313,776759,779496,777521,772061,764597,754600,741724,725848,707107,685761,667600,658771,661524,676123,702576,738532,781393,830107,889809,964456,1035230,1089717,1144685,1184912,1207843,1207067,1213616,1222983,1215085,1192734,1194501,1210606,1211034,1239807,1318577,1401442,1461190,1538807,1607878,1642320,1662224,1691835,1708959,1720458,1700142,1677571,1640746,1593655,1561344,1562091,1563225,1595783,1666377,1765495,1856510,1948719,1975213,1963703,1917946,1877257,1864224,1909544,1969823,2045655,2120294,2171339,2187307,2166319,2119019,2071079
"중위 추계(기본 추계: 출산율-중위 / 기대수명-중위 / 국제순이동-중위)","여자","35 - 39세",777137,771672,764204,754206,741332,725459,706723,685381,667214,658362,661075,675628,702035,737934,780725,829354,888954,963486,1034171,1088602,1143510,1183671,1206547,1205758,1212277,1221582,1213641,1191282,1193006,1209005,1209327,1237964,1316516,1399160,1458746,1536190,1605069,1639342,1659105,1688540,1705462,1716741,1696247,1673441,1641430,1599017,1563003,1561026,1565915,1599400,1673805,1775602,1867239,1955867,1981010,1964371,1920219,1887544,1871522,1920853,1986641,2060239,2134326,2177509,2200297,2175204,2133591,2082502,2049533,2012361,2033933,2062407,2092507
"중위 추계(기본 추계: 출산율-중위 / 기대수명-중위 / 국제순이동-중위)","여자","40 - 44세",729985,711238,689891,671733,662894,665612,680156,706539,742407,785162,833756,893311,967767,1038341,1092665,1147465,1187539,1210330,1209476,1215951,1225210,1217225,1194837,1196515,1212467,1212766,1241351,1319757,1402203,1461601,1538801,1607454,1641558,1661158,1690417,1707187,1718290,1697670,1674745,1642640,1600168,1564060,1561857,1566465,1603289,1679979,1777225,1865133,1954043,1979185,1967944,1923936,1892398,1877437,1930092,1995148,2069252,2149420,2193282,2222650,2204694,2168151,2113987,2079435,2017430,2026553,2044892,2083152,2119774,2140853,2102133,2041639,1975280
"중위 추계(기본 추계: 출산율-중위 / 기대수명-중위 / 국제순이동-중위)","여자","45 - 49세",679113,693704,720153,756103,798954,847664,907365,981958,1052616,1107006,1161840,1201915,1224650,1223734,1230158,1239342,1231254,1208799,1210447,1226359,1226669,1255345,1333822,1416276,1475696,1552874,1621443,1655445,1674947,1704067,1720689,1731579,1710766,1687636,1655334,1612714,1576510,1574166,1578676,1615403,1691938,1788912,1876481,1964845,1992154,1978902,1931068,1896876,1880851,1931529,2000130,2075715,2159864,2206645,2244349,2228237,2200173,2154449,2125961,2035425,2048855,2057463,2104888,2136420,2158522,2105846,2050067,1957973,1877912,1756981,1648190,1562163,1438321
"중위 추계(기본 추계: 출산율-중위 / 기대수명-중위 / 국제순이동-중위)","여자","50 - 54세",858430,918300,993061,1063855,1118363,1173272,1213367,1236060,1235106,1241495,1250597,1242388,1219857,1221456,1237271,1237539,1266280,1344821,1427293,1486776,1563988,1632498,1666394,1685815,1714822,1731307,1741987,1720986,1697637,1665084,1622222,1585834,1583292,1587656,1624252,1700607,1797323,1884653,1972641,1999599,1985959,1937795,1903214,1886820,1939333,2006066,2078372,2159961,2207260,2244211,2231491,2204543,2160734,2138136,2046854,2056212,2058038,2123620,2153964,2174567,2127006,2078358,1961827,1874127,1753805,1638383,1551725,1425679,1322985,1276020,1244370,1202721,1171759
"중위 추계(기본 추계: 출산율-중위 / 기대수명-중위 / 국제순이동-중위)","여자","55 - 59세",1174702,1214772,1237395,1236393,1242732,1251732,1243408,1220812,1222357,1238068,1238274,1267013,1345509,1427885,1487311,1564428,1632780,1666511,1685806,1714656,1730968,1741418,1720240,1696709,1663966,1620929,1584392,1581634,1585808,1622160,1698158,1794419,1881330,1968801,1995378,1981408,1933020,1898159,1881480,1933414,1999482,2071090,2151795,2198286,2236965,2223924,2195822,2149934,2128595,2036303,2045845,2045289,2115505,2148244,2176334,2123676,2080676,1951809,1857434,1737360,1633180,1546118,1420113,1314068,1267806,1228668,1188503,1148617,1101585,1057727,1028871,1018848,1025233
"중위 추계(기본 추계: 출산율-중위 / 기대수명-중위 / 국제순이동-중위)","여자","60 - 64세",1245855,1237413,1214745,1216219,1231803,1231927,1260608,1338966,1421160,1480462,1557398,1625520,1659031,1678132,1706737,1722806,1732980,1711618,1687902,1654985,1611795,1575104,1572099,1576055,1612111,1687662,1783343,1869688,1956486,1982582,1968213,1919578,1884408,1867383,1918616,1983906,2054718,2134467,2180177,2217922,2204292,2175663,2129324,2107184,2017734,2028198,2027038,2093298,2128317,2156283,2105499,2065374,1937587,1840431,1720944,1615386,1528218,1404900,1297261,1247802,1213715,1176122,1128921,1081239,1038323,1012370,1003285,1017483,1023359,1030288,1013969,984412,964753
"중위 추계(기본 추계: 출산율-중위 / 기대수명-중위 / 국제순이동-중위)","여자","65 - 69세",1220341,1248858,1326905,1408763,1467807,1544400,1612151,1645338,1664174,1692463,1708222,1718069,1696528,1672620,1639513,1596162,1559289,1555970,1559623,1595203,1670022,1764781,1850286,1936219,1961830,1947110,1898289,1862774,1845261,1895464,1959623,2029298,2107720,2152400,2188982,2174793,2145747,2099081,2076228,1986894,1996155,1994142,2058363,2091831,2120242,2069927,2029453,1901240,1808456,1689360,1585781,1500680,1382094,1271411,1224345,1187813,1150604,1095999,1047495,1006436,991450,982408,1007312,1008828,1011081,981983,946202,925569,909221,880881,851230,823763,786126
"중위 추계(기본 추계: 출산율-중위 / 기대수명-중위 / 국제순이동-중위)","여자","70 - 74세",1530852,1597890,1630492,1648852,1676582,1691794,1701102,1679337,1655224,1621948,1578483,1541405,1537616,1540767,1575471,1648957,1742105,1826170,1910695,1935627,1920484,1871460,1835485,1817255,1865856,1928274,1996227,2072646,2115843,2150680,2135753,2106240,2059189,2035437,1946576,1954218,1951180,2012519,2043894,2070817,2020405,1979757,1852958,1760576,1644452,1542767,1458458,1341351,1235014,1189249,1152098,1115186,1061419,1009612,969497,956466,948477,983369,980699,979241,940767,897257,875369,854731,821775,790845,760361,720174,683079,655781,626942,592322,568802
"중위 추계(기본 추계: 출산율-중위 / 기대수명-중위 / 국제순이동-중위)","여자","75 - 79세",1662994,1671327,1649354,1625065,1591661,1548132,1510719,1506020,1508201,1541079,1611740,1701600,1782870,1864758,1888742,1873273,1824419,1787964,1768514,1814059,1873164,1937872,2010599,2051410,2083446,2067857,2038201,1991054,1966208,1878605,1883490,1878854,1935007,1962953,1988081,1938399,1898443,1774829,1683664,1571357,1472618,1390287,1277606,1173892,1129185,1091981,1054535,1003597,954783,914385,899933,891575,922655,917522,915243,873516,826652,804154,779558,743323,712482,679260,638739,600927,571925,543047,510663,486198,461135,437251,421671,405729,392664
"중위 추계(기본 추계: 출산율-중위 / 기대수명-중위 / 국제순이동-중위)","여자","80세이상",4479800,4485427,4520432,4566083,4620029,4681294,4739499,4793373,4849067,4880763,4880372,4855053,4831102,4805708,4810468,4818238,4829897,4827389,4803374,4741869,4665317,4582773,4473722,4370836,4234736,4128714,4029466,3918652,3790728,3690619,3530503,3388574,3175485,2974932,2809077,2656844,2516501,2386685,2239668,2151741,2065589,1976284,1929006,1854732,1784742,1708753,1628863,1606745,1552667,1496593,1418722,1339497,1264777,1188115,1110248,1046208,979079,908998,845801,790154,740314,691867,650856,605917,561244,526381,495246,468030,442787,416895,392855,369877,347518
"중위 추계(기본 추계: 출산율-중위 / 기대수명-중위 / 국제순이동-중위)","여자","80 - 84세",1471905,1434155,1427757,1428091,1456984,1521195,1603435,1678291,1754371,1776650,1761014,1713311,1676546,1654930,1694218,1746757,1805406,1871130,1907654,1934424,1918128,1888857,1842292,1816304,1732635,1733008,1726271,1773051,1795102,1817624,1770462,1733031,1616782,1529117,1425626,1334104,1257024,1154047,1056285,1013554,977216,940434,895954,850337,812319,794818,781117,807688,804085,800915,762492,719722,696308,668672,631903,601756,567927,526920,491882,465166,438974,410686,387547,360838,334776,319301,304066,291845,275992,256483,239537,227037,214202
"중위 추계(기본 추계: 출산율-중위 / 기대수명-중위 / 국제순이동-중위)","여자","85 - 89세",1312037,1378597,1440436,1504902,1524502,1509827,1466067,1430280,1405896,1433560,1473617,1520927,1573772,1602954,1621178,1605730,1580000,1537609,1511929,1438215,1432184,1422959,1454143,1467343,1486760,1446936,1416698,1317567,1239854,1154302,1077878,1012354,928255,843798,806691,774236,740976,708170,669816,637043,617793,601359,622682,619371,616021,582302,542906,522057,499163,468271,445118,421203,385986,354414,330352,309209,287025,267549,244965,221824,210619,198879,188964,176849,162581,147286,136974,126959,121489,117576,112397,104046,96605
"중위 추계(기본 추계: 출산율-중위 / 기대수명-중위 / 국제순이동-중위)","여자","90 - 94세",1063593,1029912,1000044,976009,988583,1010964,1041037,1074698,1093532,1101484,1089399,1071487,1039603,1018495,964430,954016,944874,958304,961871,976707,949754,931467,862311,805275,748772,697705,652857,598286,538123,511796,487820,462599,444791,418900,396220,379291,363530,377870,375838,373906,351975,325528,311700,296778,276707,259706,240479,218180,196922,180821,168603,158017,145710,130469,114711,107174,99590,92698,88979,84211,72887,66212,60109,55767,52553,49046,44238,39771,36684,34693,33200,31529,30024
"중위 추계(기본 추계: 출산율-중위 / 기대수명-중위 / 국제순이동-중위)","여자","95 - 99세",479859,492777,507533,516404,517504,510858,502509,485763,474002,445826,437128,431296,433013,431083,439615,427314,421381,388015,358594,332928,309540,288477,264475,234409,221738,209621,196232,190643,178844,168167,158160,147881,154729,154061,153801,144234,132018,125878,119335,110701,103741,95756,86583,77519,70375,63880,57291,52293,46194,40044,36739,35223,32281,30579,29728,24744,21534,19133,17537,16689,15652,14049,12251,10622,9633,9174,8506,8105,7413,6979,6612,6268,5792
"중위 추계(기본 추계: 출산율-중위 / 기대수명-중위 / 국제순이동-중위)","여자","100세 이상",152406,149986,144662,140677,132456,128450,126451,124341,121266,123243,119214,118032,108168,98246,91027,84421,78236,72331,63326,59595,55711,51013,50501,47505,44831,41444,37408,39105,38805,38730,36183,32709,30928,29056,26739,24979,22953,20720,18394,16537,14864,13207,12087,10727,9320,8047,7070,6527,6303,6542,5770,5332,4492,3981,3554,3325,3003,2698,2438,2264,2182,2041,1985,1841,1701,1574,1462,1350,1209,1164,1109,997,895
